GEOID,population_18_up,degree_18_up,attainment_rate
01001,41527,9614,.23151202
01003,158361,45352,.28638363
01005,20687,2289,.1106492
01007,17852,2136,.11965046
01009,44102,5313,.12047072
01011,8312,1000,.12030799
01013,15556,2279,.14650296
01015,90097,14806,.164334
01017,26639,3255,.12218927
01019,20647,2463,.11929094
01021,33255,4602,.13838521
01023,10482,1113,.10618202
01025,19111,2242,.11731464
01027,10550,991,.093933649
01029,11481,1321,.11505967
01031,38954,8228,.2112235
01033,42727,7357,.17218621
01035,9875,791,.080101267
01037,9050,905,.1
01039,29261,4177,.14274974
01041,10732,1575,.14675736
01043,63346,8782,.13863543
01045,37785,5889,.15585549
01047,30677,3922,.12784822
01049,53650,6359,.11852749
01051,62714,13155,.20976177
01053,29239,3228,.11040049
01055,80592,12538,.15557376
01057,13059,1754,.13431349
01059,23735,2869,.12087634
01061,20673,2146,.1038069
01063,6534,664,.10162228
01065,11505,1483,.12890048
01067,13529,2112,.15610909
01069,79562,15367,.19314496
01071,41033,5019,.12231618
01073,507281,149752,.29520524
01075,10933,1360,.12439404
01077,73838,14866,.20133264
01079,26046,2610,.10020733
01081,122758,35497,.28916243
01083,70441,16077,.22823356
01085,7984,988,.1237475
01087,15866,2594,.16349426
01089,274312,100946,.36799702
01091,15209,2113,.1389309
01093,23707,2915,.12295946
01095,71189,11612,.16311508
01097,315461,66241,.20998158
01099,16674,2003,.12012714
01101,173169,50151,.28960726
01103,91694,17496,.19080856
01105,7529,1000,.13281976
01107,15984,1732,.10835836
01109,26733,5437,.20338158
01111,17587,2385,.13561153
01113,43872,6724,.15326405
01115,66877,9929,.14846659
01117,158225,61456,.3884089
01119,10505,1552,.14773917
01121,63211,7879,.12464603
01123,32081,5314,.16564322
01125,161480,40439,.25042731
01127,50467,5131,.1016704
01129,12924,1247,.096487157
01131,8218,893,.10866391
01133,18943,2287,.12073062
02013,2892,317,.10961273
02016,4801,732,.15246823
02020,224364,69095,.30795938
02050,11554,1247,.10792799
02060,708,133,.18785311
02068,1978,727,.36754298
02070,3430,520,.15160351
02090,75878,21539,.28386357
02100,2037,650,.31909671
02105,1796,361,.20100223
02110,25339,9240,.36465529
02122,44643,9917,.22214009
02130,10677,2378,.22272174
02150,10156,2184,.21504529
02158,4900,196,.039999999
02164,936,135,.14423077
02170,73576,13519,.18374199
02180,6467,770,.11906603
02185,7262,1024,.14100799
02188,5021,465,.092611037
02195,2537,586,.23098147
02198,4936,768,.15559158
02220,6833,2108,.30850285
02230,902,274,.30376941
02240,5027,901,.17923215
02261,7211,2120,.29399529
02275,1994,373,.18706119
02282,533,95,.1782364
02290,3931,436,.11091325
04001,51262,5071,.098923177
04003,98458,21175,.21506633
04005,108845,30779,.28277826
04007,42321,7470,.17650811
04009,27362,3363,.12290768
04011,6729,707,.10506762
04012,17079,1758,.10293343
04013,3124636,893996,.28611204
04015,167395,19394,.11585771
04017,78089,10640,.13625479
04019,788941,220470,.27945057
04021,308673,52197,.16910128
04023,33397,6672,.19977842
04025,183023,42753,.2335936
04027,151310,18855,.12461173
05001,14168,1838,.12972897
05003,15952,1954,.12249248
05005,33870,5867,.17322114
05007,183866,53651,.29179403
05009,28737,4344,.15116401
05011,8392,1097,.13071974
05013,4187,498,.11893958
05015,21587,3830,.1774216
05017,8557,1024,.11966811
05019,18182,3886,.21372786
05021,11833,1169,.098791517
05023,20475,3071,.14998779
05025,6427,998,.15528241
05027,18904,3493,.18477571
05029,16117,2386,.14804244
05031,78359,18968,.24206537
05033,46604,6227,.13361514
05035,35632,5452,.15300854
05037,13012,1624,.12480787
05039,5844,778,.13312799
05041,8982,1039,.1156758
05043,14523,2255,.15527095
05045,92709,23918,.25799006
05047,13651,1375,.10072522
05049,9637,1080,.11206807
05051,77950,14580,.18704298
05053,13884,2406,.17329299
05055,33446,5036,.15057106
05057,16381,1990,.12148221
05059,26460,3442,.13008314
05061,9977,1392,.1395209
05063,28257,4692,.16604735
05065,11086,1311,.11825726
05067,13903,1230,.088470116
05069,55122,8325,.15102863
05071,19748,2853,.14447032
05073,5656,762,.13472418
05075,13048,1784,.13672593
05077,7763,579,.074584566
05079,11415,832,.072886556
05081,9701,935,.096381813
05083,16908,1890,.1117814
05085,52726,9897,.18770626
05087,12160,1279,.10518092
05089,13449,2031,.15101494
05091,33275,4789,.14392187
05093,31923,3546,.11107978
05095,5867,497,.084711097
05097,7323,835,.1140243
05099,6592,997,.15124393
05101,6324,909,.14373814
05103,18839,2690,.1427889
05105,7999,970,.12126516
05107,14369,1540,.10717517
05109,8457,1160,.13716447
05111,18359,1624,.088457979
05113,15484,1821,.11760527
05115,49019,9617,.19618924
05117,6603,857,.12978949
05119,300186,93510,.31150687
05121,13483,1789,.1326856
05123,20738,1834,.088436686
05125,88519,21003,.2372711
05127,8040,738,.091791041
05129,6332,789,.12460518
05131,96310,16702,.17341916
05133,12211,1153,.094423063
05135,13409,1308,.097546421
05137,9946,1263,.12698573
05139,30433,5618,.18460225
05141,13408,1664,.12410501
05143,167884,47204,.28117034
05145,60090,11203,.18643701
05147,5313,581,.10935441
05149,16244,2064,.12706231
06001,1284703,532518,.4145067
06003,945,212,.22433862
06005,31575,6398,.20262866
06007,179753,41732,.23216303
06009,37112,6779,.18266329
06011,15515,2157,.13902675
06013,862175,323438,.37514195
06015,21615,2812,.13009484
06017,146852,45430,.30935907
06019,692401,123834,.17884722
06021,20427,2437,.11930288
06023,109132,27984,.25642341
06025,128223,16197,.12631899
06027,14487,3361,.23200111
06029,621092,86761,.13969105
06031,109020,12774,.11717116
06033,50967,7249,.14222929
06035,26445,2833,.107128
06037,7832142,2229971,.28472045
06039,111693,13763,.12322169
06041,207701,112558,.54192322
06043,14756,3387,.22953375
06045,68459,15661,.22876467
06047,187526,22921,.12222838
06049,7259,1142,.15732194
06051,11320,3170,.28003535
06053,318859,67793,.21261121
06055,110659,34783,.31432599
06057,81466,27221,.33413941
06059,2439049,870192,.35677513
06061,289706,100320,.34628209
06063,15658,3295,.21043555
06065,1741281,335675,.19277474
06067,1133511,308320,.27200443
06069,43042,7496,.17415547
06071,1547497,274142,.17715187
06073,2555203,857993,.33578271
06075,748311,401690,.53679556
06077,523789,85287,.16282701
06079,229353,66089,.28815407
06081,601216,275131,.45762423
06083,343710,97496,.28365773
06085,1476210,688241,.4662216
06087,218916,74154,.33873266
06089,140152,27680,.19749986
06091,2459,514,.20902807
06093,34715,7364,.21212733
06095,336083,77985,.2320409
06097,398997,123430,.3093507
06099,389349,58737,.1508595
06101,70463,11229,.15936023
06103,48120,6403,.13306318
06105,10874,2004,.18429281
06107,314966,38253,.12145121
06109,44852,8527,.19011416
06111,645493,189885,.2941705
06113,166894,55681,.33363092
06115,53979,8076,.14961374
08001,353442,74590,.21103887
08003,12369,2730,.22071308
08005,474197,182191,.38420951
08007,10399,3520,.33849409
08009,2831,575,.20310844
08011,4903,475,.09687946
08013,253646,131359,.51788318
08014,48787,24643,.50511408
08015,15963,4913,.30777422
08017,1464,306,.2090164
08019,7733,3311,.42816502
08021,5905,1013,.17154953
08023,2963,582,.19642255
08025,4795,325,.067778938
08027,3811,1180,.30963001
08029,24061,4401,.1829101
08031,539843,234958,.43523395
08033,1375,293,.21309091
08035,231733,124428,.53694552
08037,41641,17348,.41660863
08039,19074,6245,.32740903
08041,507297,167927,.33102304
08043,39141,6256,.1598324
08045,42985,11838,.2753984
08047,4727,1690,.35752064
08049,12238,4545,.3713842
08051,13344,5776,.43285373
08053,672,271,.40327382
08055,5462,1215,.22244599
08057,1082,164,.15157117
08059,447861,179754,.40136114
08061,990,199,.20101011
08063,6054,912,.1506442
08065,6144,1785,.29052734
08067,43965,17120,.38940066
08069,263746,105944,.4016895
08071,11588,2092,.18053159
08073,4422,539,.12189054
08075,17208,2906,.16887495
08077,115887,28184,.24320243
08079,752,285,.37898937
08081,9689,1545,.15945917
08083,19972,5169,.25881234
08085,31766,6926,.21803185
08087,20697,3219,.15552978
08089,13995,2258,.16134334
08091,3968,1895,.47757056
08093,14089,3877,.27517921
08095,3249,645,.19852263
08097,14867,8605,.57879871
08099,9007,1309,.14533141
08101,125655,24972,.19873463
08103,4967,898,.18079324
08105,8719,1882,.21585044
08107,19753,9393,.4755227
08109,4935,1216,.24640325
08111,475,129,.27157894
08113,6355,3369,.53013372
08115,1840,354,.19239131
08117,24921,10859,.43573692
08119,19399,6224,.32084128
08121,3716,590,.15877287
08123,209263,50549,.24155727
08125,7389,1454,.196779
09001,727693,314889,.43272233
09003,705087,244718,.3470749
09005,149240,49460,.33141249
09007,133237,50456,.37869361
09009,682868,219370,.32124802
09011,216620,65574,.30271444
09013,124092,40456,.32601619
09015,92909,20577,.22147478
10001,132594,28259,.21312428
10003,433046,141390,.3265011
10005,174039,41206,.23676303
11001,554333,287086,.51789451
12001,213109,73544,.3451004
12003,20814,2548,.12241761
12005,141213,29021,.20551224
12007,21310,2188,.1026748
12009,462200,122669,.26540244
12011,1483776,432722,.29163566
12013,11325,995,.087858722
12015,150986,32105,.21263561
12017,120138,20336,.16927201
12019,154247,33938,.22002372
12021,292784,95874,.32745641
12023,53491,7812,.14604326
12027,28516,2911,.10208304
12029,13264,1150,.086700842
12031,704409,185636,.2635344
12033,244787,56398,.23039623
12035,86306,18943,.21948647
12037,9764,1657,.16970503
12039,35923,5304,.14764914
12041,13646,1484,.10874981
12043,11039,1077,.097563185
12045,13497,2308,.17100096
12047,11517,1015,.088130586
12049,20042,1844,.092006788
12051,28340,2083,.07350035
12053,145632,23161,.15903784
12055,82536,13146,.15927595
12057,1039380,305962,.29436973
12059,15644,1638,.10470468
12061,122500,32118,.26218775
12063,39415,5095,.1292655
12065,11779,2316,.19662111
12067,6855,867,.12647702
12069,261849,55054,.21025094
12071,571642,145352,.25427103
12073,232040,84456,.36397174
12075,31735,3481,.10968962
12077,6837,651,.095217198
12079,14967,1677,.1120465
12081,293952,80058,.27235058
12083,279163,50711,.18165372
12085,129564,39416,.30422032
12086,2149303,551826,.2567465
12087,65139,19323,.29664257
12089,62503,15795,.25270787
12091,153609,41492,.27011439
12093,31356,3201,.10208572
12095,998307,294806,.29530597
12097,243760,42121,.17279701
12099,1148653,371410,.32334396
12101,396198,84200,.21252
12103,789712,223633,.28318298
12105,504936,90298,.17883058
12107,56696,6533,.11522859
12109,176682,70243,.39756739
12111,237217,43389,.18290848
12113,129387,32109,.24816249
12115,345102,110582,.32043281
12117,352889,121318,.34378517
12119,108160,32328,.29889053
12121,34361,4338,.12624778
12123,18033,1479,.082016304
12125,12406,947,.076334029
12127,425388,89640,.21072526
12129,25001,4048,.16191353
12131,50514,12613,.24969316
12133,19620,1973,.10056065
13001,13836,1443,.10429315
13003,5994,428,.07140474
13005,8370,889,.10621266
13007,2596,255,.098228045
13009,36739,5946,.16184436
13011,14092,1549,.10992052
13013,54840,8558,.15605398
13015,77007,13573,.1762567
13017,12865,1179,.091643997
13019,14449,1533,.10609731
13021,115566,26233,.22699583
13023,10072,1425,.14148134
13025,13904,1080,.077675492
13027,12232,1512,.12361021
13029,24691,7277,.29472277
13031,58923,12481,.21181881
13033,16697,1792,.10732467
13035,18578,1807,.097265586
13037,5326,459,.086181
13039,39315,8135,.20691848
13043,8121,1076,.132496
13045,87038,14760,.1695811
13047,50382,9431,.18718986
13049,10436,794,.076082788
13051,222734,66147,.29697755
13053,8625,2085,.24173912
13055,19242,1752,.091050826
13057,175275,57110,.32583085
13059,102099,33069,.32389152
13061,2312,183,.079152249
13063,196756,33624,.17089187
13065,4980,576,.11566265
13067,558636,232659,.41647691
13069,32462,4067,.12528495
13071,33671,3891,.11555938
13073,106507,33542,.31492767
13075,12711,1703,.13397844
13077,102836,27405,.26649228
13079,9731,1182,.12146748
13081,17300,2110,.12196532
13083,13158,1558,.11840706
13085,18417,5293,.2873975
13087,20341,2757,.13553905
13089,562768,218486,.38823459
13091,16752,2211,.13198423
13093,11431,1027,.089843407
13095,68923,12373,.17951918
13097,102866,24966,.24270409
13099,7823,1195,.15275469
13101,2871,181,.063044235
13103,41712,7255,.17393076
13105,15040,1543,.10259309
13107,16825,1928,.11459138
13109,7911,1144,.14460877
13111,20224,3602,.17810522
13113,84091,36032,.42848819
13115,73809,13831,.18738908
13117,150770,70051,.4646216
13119,17376,2030,.11682781
13121,779870,356808,.45752242
13123,23604,4024,.17047958
13125,2329,214,.091884926
13127,64413,17084,.26522598
13129,42145,5355,.12706134
13131,18737,2351,.12547366
13133,13504,3315,.24548282
13135,643774,207317,.32203382
13137,33856,5676,.16765124
13139,142154,30133,.21197434
13141,7422,590,.079493396
13143,21779,2802,.12865604
13145,25846,6494,.25125745
13147,20140,2546,.12641509
13149,8913,940,.10546393
13151,159381,39992,.25092074
13153,111520,25785,.23121414
13155,7231,850,.11754944
13157,47573,8550,.1797238
13159,10472,1044,.099694423
13161,10942,1063,.097148605
13163,12139,1167,.096136421
13165,6767,482,.07122802
13167,7802,687,.088054344
13169,21718,4076,.18767843
13171,14437,2165,.1499619
13173,7743,1137,.14684232
13175,35670,4975,.13947295
13177,21388,5139,.24027492
13179,44310,7204,.16258182
13181,6262,754,.12040882
13183,12764,1725,.13514572
13185,86643,17999,.20773749
13187,25724,5582,.21699581
13189,15812,2214,.14002024
13191,11568,1511,.13061894
13193,11013,830,.075365476
13195,21994,3467,.1576339
13197,6680,818,.12245509
13199,16495,1651,.10009094
13201,4526,493,.10892621
13205,17263,1929,.11174188
13207,21216,4561,.21497926
13209,7026,995,.14161685
13211,13884,2788,.20080668
13213,29451,2563,.087025911
13215,149258,34739,.23274465
13217,76794,13873,.18065214
13219,26329,11546,.43852785
13221,11460,1702,.14851658
13223,110422,24300,.22006485
13225,21142,3684,.1742503
13227,24139,5619,.23277684
13229,14318,1733,.12103646
13231,13558,2040,.15046467
13233,30662,3513,.11457178
13235,9456,1104,.11675127
13237,17207,3445,.20020922
13239,1767,138,.078098468
13241,13503,3178,.23535511
13243,5552,607,.10932997
13245,154332,29313,.18993469
13247,65865,15578,.23651408
13249,3842,458,.11920875
13251,10928,1446,.13232064
13253,6694,923,.13788468
13255,48671,7231,.14856896
13257,19863,3522,.17731461
13259,5000,545,.109
13261,23475,3516,.14977635
13263,5288,613,.11592285
13265,1548,106,.068475455
13267,20107,2201,.10946436
13269,6523,670,.10271347
13271,13483,998,.074019134
13273,6806,671,.09858948
13275,34051,7052,.20710111
13277,30420,4467,.14684418
13279,19803,2814,.14209968
13281,9652,2157,.22347701
13283,5317,758,.1425616
13285,51950,8694,.16735323
13287,6038,750,.12421332
13289,6726,555,.082515612
13291,18657,3953,.21187758
13293,20363,2471,.12134754
13295,53320,7584,.14223556
13297,66153,11339,.17140569
13299,27174,3288,.12099801
13301,4262,564,.13233224
13303,15883,1872,.11786187
13305,22466,2609,.11613104
13307,2006,213,.10618146
13309,6605,438,.066313401
13311,22538,4174,.18519834
13313,76094,10391,.13655479
13315,7174,672,.09367159
13317,7866,1028,.13068904
13319,7028,615,.087507114
13321,15940,1574,.098745294
15001,153211,40580,.26486349
15003,777850,240020,.30856848
15005,84,18,.21428572
15007,55281,14493,.26216963
15009,127649,31298,.24518798
16001,327266,112998,.34527877
16003,3253,616,.18936366
16005,61551,15436,.25078389
16007,4331,806,.18610021
16009,7026,935,.13307714
16011,30998,5349,.17255951
16013,16603,6233,.37541407
16015,5704,1573,.27577138
16017,33389,7000,.20964989
16019,75860,20119,.26521224
16021,8664,1446,.16689751
16023,2080,294,.14134616
16025,664,126,.18975903
16027,145588,23474,.16123581
16029,4897,895,.18276496
16031,15821,2542,.16067253
16033,701,100,.14265335
16035,7165,1177,.16427076
16037,3474,747,.2150259
16039,19424,2888,.14868204
16041,8694,1632,.18771566
16043,9320,1789,.19195279
16045,12876,2028,.15750232
16047,10918,1505,.13784575
16049,13043,2301,.17641647
16051,17893,3358,.18767115
16053,15868,1855,.11690194
16055,114928,25932,.22563691
16057,31432,11268,.35848817
16059,6389,1340,.20973548
16061,2947,442,.14998303
16063,3657,297,.081214108
16065,27881,6736,.24159822
16067,14583,1827,.12528287
16069,31416,6565,.20896995
16071,3057,406,.13280994
16073,8347,735,.088055588
16075,16663,2124,.12746805
16077,5345,761,.14237605
16079,9989,1164,.11652818
16081,7824,3119,.39864519
16083,59334,10122,.17059359
16085,8243,2384,.28921509
16087,7658,1207,.15761295
17001,51688,11277,.21817443
17003,5130,497,.096881092
17005,13719,2324,.1694001
17007,39689,8013,.20189473
17009,5747,761,.13241692
17011,26266,4621,.17593086
17013,3871,499,.12890726
17015,11831,1920,.16228552
17017,9741,1217,.12493584
17019,168449,59693,.35436839
17021,26596,4110,.15453452
17023,12270,1980,.16136919
17025,10474,1524,.14550315
17027,29601,6207,.20968886
17029,43109,9490,.22013965
17031,4064766,1409157,.34667605
17033,15496,2431,.1568792
17035,8419,1245,.14787979
17037,81726,20988,.25680932
17039,12630,2395,.18962787
17041,14819,2593,.17497806
17043,715152,320318,.44790199
17045,13899,2291,.164832
17047,5042,641,.12713209
17049,25969,5673,.21845277
17051,17425,1905,.10932568
17053,10373,1829,.17632315
17055,30587,4309,.14087684
17057,28580,4757,.16644506
17059,4100,517,.12609756
17061,10431,1185,.11360368
17063,37352,8020,.21471407
17065,6419,991,.15438542
17067,14409,2687,.18648067
17069,3435,347,.10101892
17071,5617,761,.13548158
17073,38417,7930,.20641904
17075,22177,3027,.13649276
17077,48397,14214,.2936959
17079,7358,1260,.17124219
17081,29893,4428,.14812833
17083,17492,3196,.18271209
17085,17767,3972,.22356053
17087,10563,1582,.14976805
17089,387946,115081,.2966418
17091,84355,15088,.17886314
17093,86720,27669,.31906134
17095,41227,6692,.16232081
17097,527822,211192,.40011975
17099,86853,14347,.16518715
17101,13321,1413,.10607312
17103,27731,4592,.16559085
17105,28767,4087,.14207251
17107,23884,4332,.18137665
17109,26352,6685,.25368094
17111,232322,71626,.30830485
17113,135200,50049,.3701849
17115,83572,17384,.20801225
17117,36059,6202,.17199589
17119,207269,50544,.24385701
17121,29576,4172,.14106032
17123,9509,1546,.16258281
17125,11004,1638,.14885496
17127,11358,1300,.11445677
17129,9637,2217,.23005085
17131,12360,2200,.17799352
17133,26013,7406,.28470379
17135,23316,3278,.14059015
17137,27669,5226,.18887563
17139,11020,1887,.17123412
17141,39765,7364,.18518798
17143,141740,39370,.27776209
17145,17353,2000,.11525384
17147,12709,3378,.26579589
17149,12374,1884,.15225473
17151,3661,446,.12182464
17153,4457,455,.1020866
17155,4613,661,.1432907
17157,26506,3256,.12284011
17159,12428,2435,.19592854
17161,113392,24076,.21232538
17163,201247,48857,.24277133
17165,19088,2829,.14820831
17167,153022,48999,.32020885
17169,5866,1011,.17234913
17171,3966,543,.13691376
17173,17184,2578,.15002328
17175,4330,754,.17413396
17177,35866,6169,.17200133
17179,103671,25246,.24352036
17181,13582,2813,.20711236
17183,60271,8075,.1339782
17185,9019,1568,.1738552
17187,13558,2868,.21153562
17189,11164,2100,.18810461
17191,12816,1632,.12734082
17193,11073,1653,.14928204
17195,43990,7532,.17122073
17197,507938,156742,.3085849
17199,52674,11013,.20907848
17201,219221,45696,.20844719
17203,29232,8342,.2853722
18001,24083,3329,.13823029
18003,271705,68211,.251048
18005,61575,18358,.29814047
18007,6514,1003,.15397605
18009,9548,1028,.10766653
18011,46061,20374,.44232649
18013,12229,2970,.24286532
18015,15402,2335,.15160368
18017,29180,3554,.12179575
18019,88545,16333,.18445988
18021,20273,3100,.15291274
18023,23925,3500,.1462905
18025,8253,800,.096934445
18027,23250,3015,.12967741
18029,38033,7739,.20348118
18031,19958,3759,.18834552
18033,31990,5413,.16920912
18035,93971,19228,.20461632
18037,31979,6404,.20025642
18039,146298,24814,.16961271
18041,18222,1887,.10355614
18043,58802,15309,.26034829
18045,12873,1701,.13213703
18047,17324,3168,.18286769
18049,15460,1873,.12115136
18051,25708,3940,.15325968
18053,53546,8216,.15343817
18055,25151,3406,.13542205
18057,222368,119660,.53811699
18059,55306,15422,.27884859
18061,30519,4744,.15544415
18063,117288,38177,.32549793
18065,38534,5972,.15498002
18067,63591,11872,.18669309
18069,28469,4752,.1669184
18071,33045,4878,.14761689
18073,25371,3524,.13889875
18075,15661,1548,.09884426
18077,25608,3980,.15542018
18079,21182,2280,.10763856
18081,111609,32054,.28719905
18083,29762,4172,.14017875
18085,59480,12272,.20632145
18087,25885,2248,.086845666
18089,370543,73250,.19768286
18091,86587,14241,.16447042
18093,35527,5447,.15332001
18095,101034,16250,.16083695
18097,706826,193703,.27404624
18099,34900,6350,.18194842
18101,7889,841,.10660413
18103,28187,3329,.11810409
18105,121369,43058,.35476935
18107,29472,4861,.16493621
18109,53290,7858,.1474573
18111,10972,1224,.11155669
18113,35333,4629,.13101067
18115,4760,642,.13487396
18117,14993,1625,.10838391
18119,16428,1986,.12089116
18121,13401,1643,.12260279
18123,15143,2014,.13299875
18125,9677,1240,.12813888
18127,129403,32925,.25443769
18129,19883,3839,.19307952
18131,9849,1142,.11595086
18133,30190,4058,.13441537
18135,19280,2464,.12780084
18137,21562,3684,.17085613
18139,12913,1754,.1358321
18141,204349,52812,.25844023
18143,18223,2111,.11584262
18145,34087,5631,.16519494
18147,15977,2383,.14915191
18149,17584,1958,.11135123
18151,27252,5018,.18413328
18153,16677,1945,.11662769
18155,7938,623,.078483246
18157,147526,43762,.29663923
18159,12045,2390,.19842258
18161,5549,911,.16417372
18163,142189,34254,.24090472
18165,12162,1468,.12070383
18167,85432,17658,.2066907
18169,25065,4326,.17259127
18171,6453,1177,.18239579
18173,46475,12724,.2737816
18175,21277,2412,.11336184
18177,52121,8538,.16381113
18179,20958,3671,.17515984
18181,18600,2866,.15408602
18183,25677,4767,.18565252
19001,5643,864,.15311004
19003,2998,475,.15843897
19005,10766,1803,.16747168
19007,9795,1675,.17100562
19009,4556,571,.12532924
19011,19480,3939,.20220739
19013,104196,24988,.23981726
19015,20381,4622,.22677985
19017,19281,4953,.25688502
19019,15457,2751,.17797762
19021,15157,2677,.17661807
19023,11411,1846,.16177373
19025,7759,1368,.17631137
19027,15408,3257,.2113837
19029,10358,1875,.1810195
19031,14192,3055,.21526212
19033,34202,7191,.21025087
19035,9110,1629,.17881449
19037,9283,1424,.15339869
19039,7036,1113,.15818647
19041,12634,2670,.2113345
19043,13844,2041,.14742848
19045,36672,6553,.17869219
19047,12833,1586,.12358762
19049,57882,27267,.47107908
19051,6258,1042,.16650687
19053,6379,1119,.17541935
19055,13166,2205,.16747683
19057,30768,5630,.18298233
19059,13742,3850,.28016299
19061,74235,20342,.27402169
19063,7574,1401,.18497491
19065,15863,2897,.18262623
19067,12313,2457,.19954519
19069,7947,1260,.1585504
19071,5437,1049,.19293728
19073,7031,1394,.19826482
19075,9439,2355,.24949677
19077,8270,1641,.19842805
19079,11725,2619,.22336887
19081,8507,1682,.19771953
19083,13481,2698,.20013352
19085,10960,1851,.16888686
19087,15440,2863,.18542746
19089,7004,982,.14020559
19091,7344,1400,.19063181
19093,5337,980,.18362376
19095,12419,2348,.18906514
19097,15086,2639,.17493039
19099,28587,4829,.16892293
19101,14482,4624,.3192929
19103,115187,49738,.43180221
19105,16021,2637,.16459647
19107,7919,1343,.16959213
19109,11846,2258,.19061287
19111,27261,3963,.14537251
19113,167857,49891,.29722324
19115,8630,1188,.13765933
19117,6618,1037,.15669386
19119,8426,1702,.20199382
19121,11646,2548,.21878757
19123,16945,3720,.21953379
19125,25186,5819,.23104106
19127,30305,5431,.17921135
19129,11379,2368,.20810264
19131,8089,1305,.16133021
19133,7088,1115,.15730813
19135,5984,952,.15909091
19137,7890,1173,.1486692
19139,32071,6396,.19943251
19141,10690,1963,.18362956
19143,4703,781,.16606422
19145,12275,2350,.19144602
19147,7069,1658,.2345452
19149,18720,3658,.19540599
19151,5439,825,.15168229
19153,349675,115069,.32907414
19155,71165,13956,.19610764
19157,14796,2850,.19261962
19159,3811,714,.1873524
19161,7729,1462,.18915772
19163,130282,38360,.29443821
19165,9116,1827,.20041685
19167,25268,6194,.24513218
19169,79694,27828,.34918565
19171,13064,2066,.15814452
19173,4767,640,.13425635
19175,9637,1430,.14838643
19177,5549,743,.133898
19179,27351,4756,.17388761
19181,36449,10096,.27698976
19183,16593,3326,.20044596
19185,4831,635,.13144277
19187,28984,5228,.18037538
19189,8293,1584,.19100446
19191,16720,4071,.24348086
19193,75519,15205,.20134006
19195,5859,905,.15446322
19197,9874,1653,.16740936
20001,9786,1739,.17770284
20003,5878,1039,.17676081
20005,12576,2325,.18487595
20007,3730,703,.18847185
20009,20540,3179,.15477118
20011,10989,1930,.17563018
20013,7241,1432,.19776274
20015,49076,13058,.2660771
20017,2053,475,.23136874
20019,2696,420,.15578635
20021,15556,2716,.17459501
20023,2092,500,.23900573
20025,1579,508,.3217226
20027,6228,1402,.22511239
20029,7124,1346,.1889388
20031,6504,1295,.19910824
20033,1351,235,.17394522
20035,27175,4940,.18178473
20037,30583,7612,.24889645
20039,2338,488,.20872541
20041,14527,2811,.19350176
20043,6216,902,.1451094
20045,95540,37949,.39720535
20047,2254,407,.18056788
20049,2045,308,.15061125
20051,22657,6724,.29677361
20053,5182,990,.19104593
20055,25543,3929,.15381905
20057,24060,3799,.15789692
20059,19307,3571,.18495883
20061,24699,4276,.17312442
20063,2062,452,.21920465
20065,2055,545,.26520681
20067,5264,747,.14190729
20069,4242,829,.19542669
20071,931,268,.28786251
20073,4912,872,.17752443
20075,1866,292,.15648445
20077,4345,727,.16731876
20079,26022,7096,.27269232
20081,2902,440,.15161957
20083,1468,329,.22411445
20085,9929,1908,.19216436
20087,14440,2851,.19743767
20089,2387,390,.163385
20091,433257,220995,.51007831
20093,2778,339,.12203024
20095,5862,1283,.21886729
20097,1970,488,.24771574
20099,15681,2591,.16523181
20101,1295,282,.21776062
20103,60261,17243,.28613862
20105,2416,443,.18336093
20107,7381,959,.1299282
20109,2130,383,.17981221
20111,25821,6012,.23283374
20113,22092,5871,.26575232
20115,9495,2087,.21979989
20117,7536,1342,.17807856
20119,3154,570,.18072289
20121,24636,5926,.24054229
20123,4869,1046,.21482851
20125,25576,4349,.17004223
20127,4426,750,.16945323
20129,2211,266,.12030755
20131,7452,1666,.22356415
20133,12169,2142,.17602104
20135,2344,452,.19283277
20137,4485,684,.15250836
20139,12173,2345,.19263946
20141,2889,619,.214261
20143,4517,975,.21585123
20145,5527,938,.16971232
20147,4179,834,.19956927
20149,16424,5007,.30485874
20151,7317,1715,.23438568
20153,2031,509,.25061545
20155,48857,8924,.1826555
20157,3803,858,.22561136
20159,7614,1487,.19529814
20161,62919,19407,.3084442
20163,3975,963,.24226415
20165,2477,554,.22365765
20167,5518,1247,.22598767
20169,42090,9661,.22953196
20171,3750,954,.25440001
20173,376362,105199,.27951548
20175,15747,1668,.10592494
20177,135242,37777,.27932891
20179,1903,444,.23331581
20181,4571,810,.17720412
20183,2960,571,.19290541
20185,3218,676,.21006836
20187,1479,321,.21703854
20189,3978,623,.15661137
20191,17500,3390,.19371429
20193,6082,1335,.21950017
20195,2324,534,.22977625
20197,5213,1096,.21024363
20199,1162,306,.26333907
20201,4290,814,.18974359
20203,1571,303,.19287078
20205,6744,1001,.14842823
20207,2502,332,.13269384
20209,117391,18170,.15478188
21001,15415,2153,.13966915
21003,15718,2077,.1321415
21005,16697,3076,.18422471
21007,6334,849,.13403852
21009,33115,4906,.14815038
21011,9099,962,.10572591
21013,21604,1871,.086604334
21015,93557,27553,.29450494
21017,15456,2765,.17889492
21019,38173,6976,.18274696
21021,23766,4726,.1988555
21023,6271,798,.12725243
21025,10491,1190,.11343056
21027,15357,1441,.093833432
21029,60689,7873,.12972696
21031,9871,1091,.11052578
21033,9895,1546,.15624052
21035,31613,7441,.23537785
21037,72069,21586,.29951853
21039,3796,543,.14304531
21041,7958,849,.10668509
21043,21246,2706,.12736516
21045,12244,1379,.11262659
21047,52470,7379,.14063275
21049,27628,5607,.20294629
21051,16413,1460,.088953875
21053,7887,746,.09458603
21055,7082,912,.12877718
21057,5278,644,.12201592
21059,75044,15093,.20112202
21061,9734,1011,.10386275
21063,6122,439,.07170859
21065,11290,1033,.0914969
21067,248638,92011,.37006009
21069,10965,1367,.1246694
21071,29285,3562,.12163223
21073,39446,10155,.25744054
21075,4947,660,.13341419
21077,6488,703,.10835388
21079,13394,1988,.14842467
21081,18077,2145,.11865907
21083,28169,4218,.14973907
21085,19803,1796,.090693332
21087,8695,951,.1093732
21089,28199,4566,.16192064
21091,6491,670,.10321984
21093,80899,17256,.21330301
21095,21251,2262,.10644205
21097,14296,2104,.14717403
21099,13950,1598,.11455197
21101,35491,5571,.15696937
21103,11970,1191,.099498749
21105,3707,310,.08362557
21107,35314,5210,.14753355
21109,10319,1000,.096908614
21111,591936,177578,.29999527
21113,38850,10463,.2693179
21115,17842,2445,.1370362
21117,124356,34389,.2765367
21119,12435,1454,.11692803
21121,23949,2201,.091903627
21123,10925,1227,.11231121
21125,45858,5489,.11969558
21127,12157,1295,.10652299
21129,5340,448,.083895132
21131,8340,694,.083213426
21133,18048,1938,.10738032
21135,10548,1173,.11120591
21137,18640,1815,.097371243
21139,7357,601,.081690907
21141,20485,2804,.13688065
21143,7094,938,.13222441
21145,50898,11524,.22641361
21147,13717,961,.070059054
21149,7125,717,.10063158
21151,69710,17790,.25520012
21153,9813,937,.095485583
21155,14592,1744,.11951754
21157,24768,4105,.16573805
21159,9677,703,.072646484
21161,13146,2318,.17632741
21163,21605,3389,.15686184
21165,5045,552,.10941526
21167,16606,2593,.15614837
21169,7626,862,.11303435
21171,8239,1129,.1370312
21173,20866,3241,.15532444
21175,10800,1241,.11490741
21177,24601,2499,.10158124
21179,34057,5436,.15961476
21181,5415,542,.10009234
21183,18381,1875,.10200751
21185,47965,17676,.36851871
21187,8138,757,.093020394
21189,3555,486,.13670886
21191,11238,1360,.12101798
21193,21237,2475,.11654188
21195,48643,6020,.12375882
21197,9369,1150,.12274522
21199,49650,7071,.14241692
21201,1722,268,.15563299
21203,13066,1423,.10890862
21205,19728,3967,.20108475
21207,13733,1723,.12546422
21209,38835,10027,.25819492
21211,34911,7817,.22391224
21213,13511,1886,.13958997
21215,13891,2511,.18076453
21217,19731,3295,.16699609
21219,9033,1031,.11413705
21221,11178,1835,.16416174
21223,6708,763,.11374478
21225,11888,1112,.093539707
21227,95840,24613,.25681344
21229,9199,1457,.15838678
21231,16074,1684,.10476546
21233,10138,831,.081968829
21235,27302,5009,.18346642
21237,5544,405,.073051944
21239,19934,6042,.30310023
22001,45885,5057,.11021031
22003,20021,2425,.12112282
22005,86515,21599,.24965613
22007,17710,1704,.096216828
22009,31264,3189,.1020023
22011,27494,4097,.14901432
22013,10717,1237,.11542409
22015,94002,22067,.23475033
22017,190258,41550,.21838766
22019,149246,29553,.19801536
22021,7683,847,.11024339
22023,5221,649,.12430569
22025,7827,952,.12163025
22027,13324,1694,.127139
22029,15343,1725,.11242912
22031,20524,2541,.12380628
22033,344321,103164,.29961577
22035,5968,480,.080428958
22037,15787,1725,.10926712
22039,25162,2896,.11509419
22041,15177,1585,.10443434
22043,17477,1408,.080563024
22045,53935,6212,.11517567
22047,26073,3617,.13872589
22049,12443,1484,.11926384
22051,341146,80576,.23619212
22053,23378,3320,.14201386
22055,181432,52064,.2869615
22057,74981,11183,.14914446
22059,11473,1226,.10685958
22061,37922,11229,.2961078
22063,101031,16155,.15990141
22065,8795,1054,.11984082
22067,19809,2490,.12570044
22069,29731,4760,.16010225
22071,309300,103659,.33514065
22073,116551,25568,.21937178
22075,17198,3046,.17711362
22077,17212,2469,.14344643
22079,98857,18195,.18405373
22081,6623,932,.14072172
22083,15592,2235,.14334273
22085,18331,2398,.13081665
22087,32923,3751,.11393251
22089,39478,8050,.20391104
22091,8163,864,.10584344
22093,16476,2097,.12727603
22095,32669,5046,.15445836
22097,60848,7476,.12286353
22099,40318,5149,.1277097
22101,39692,3926,.098911621
22103,188278,56772,.30153283
22105,96994,17256,.17790791
22107,3600,323,.089722224
22109,83941,11294,.13454689
22111,17473,2061,.11795341
22113,44217,5036,.11389285
22115,38576,5997,.15545936
22117,35254,3960,.11232768
22119,30855,4489,.14548695
22121,19318,3502,.1812817
22123,8609,943,.10953653
22125,12819,2415,.18839224
22127,11488,1344,.11699165
23001,83765,17063,.20370083
23003,55986,9676,.17282893
23005,233192,97276,.41714981
23007,24632,5828,.2366028
23009,44925,13780,.30673346
23011,97368,24130,.24782269
23013,32423,9234,.28479782
23015,28207,8852,.31382281
23017,46046,8158,.17717065
23019,124006,29643,.23904489
23021,14012,2335,.16664287
23023,28325,9049,.31947044
23025,40918,6376,.15582384
23027,31698,8929,.2816897
23029,25802,5009,.19413224
23031,162026,47015,.29016948
24001,59788,9761,.16326019
24003,437743,161506,.36895165
24005,649612,226636,.34887901
24009,69085,19149,.27718028
24011,24966,3828,.15332852
24013,129980,41725,.32101092
24015,78578,16894,.21499656
24017,117638,30920,.26284024
24019,25529,4827,.18907909
24021,187788,70666,.37630734
24023,23807,4329,.18183728
24025,193094,62973,.32612613
24027,235647,134226,.56960624
24029,16467,4842,.29404262
24031,795544,433141,.54445887
24033,701361,203558,.29023284
24035,38246,12621,.3299953
24037,83491,23291,.27896419
24039,21457,2483,.11571981
24041,30529,10926,.35788921
24043,116256,23509,.20221752
24045,79538,19355,.2433428
24047,42427,11994,.28269735
24510,489895,137655,.28098878
25001,180399,71376,.39565629
25003,105197,31846,.30272725
25005,440100,111924,.25431493
25007,14015,6151,.43888691
25009,606834,217377,.35821494
25011,58130,20007,.34417686
25013,365255,87844,.24050047
25015,136575,48098,.35217279
25017,1261398,636681,.50474238
25019,8692,3676,.42291763
25021,545083,269459,.49434489
25023,396000,131800,.33282828
25025,647638,256487,.39603451
25027,640471,209665,.32736066
26001,9055,1318,.14555494
26003,7829,1287,.16438881
26005,85845,17639,.20547499
26007,23229,3704,.15945585
26009,18760,4731,.25218549
26011,12452,1376,.11050434
26013,7007,992,.14157271
26015,46111,8366,.18143176
26017,83396,14782,.17725071
26019,14156,3798,.26829612
26021,120413,29619,.24597843
26023,33342,4359,.13073601
26025,103080,19805,.19213232
26027,40489,6738,.16641557
26029,20940,5921,.28276026
26031,21009,3785,.18016088
26033,30872,5691,.1843418
26035,24526,2753,.11224823
26037,59531,17363,.29166317
26039,11249,1852,.16463685
26041,29005,5554,.19148423
26043,20558,4847,.23577197
26045,85154,20863,.24500316
26047,26280,8016,.30502284
26049,315424,59171,.18759194
26051,20418,2626,.12861201
26053,13160,2217,.16846505
26055,72336,23126,.31970251
26057,32892,4291,.13045725
26059,35682,5490,.15385909
26061,28930,7651,.26446596
26063,25562,3776,.14771926
26065,228541,73059,.31967568
26067,49156,7488,.15233135
26069,21045,3269,.1553338
26071,9442,1652,.17496294
26073,58278,12445,.21354543
26075,123939,23742,.19156198
26077,202828,64545,.31822529
26079,13667,1615,.11816785
26081,477971,152233,.3184984
26083,1778,435,.24465692
26085,9724,1037,.10664336
26087,69020,11688,.16934222
26089,17875,6777,.37913287
26091,77244,14408,.18652582
26093,144632,46453,.32118064
26095,5340,764,.14307116
26097,9044,1636,.18089341
26099,676775,153204,.22637361
26101,20082,3826,.19051887
26103,54984,14538,.26440418
26105,22862,4638,.20286939
26107,35028,6132,.17505996
26109,18932,2816,.14874287
26111,65266,20459,.31347102
26113,11505,1426,.12394611
26115,116386,20231,.17382675
26117,48528,5717,.11780827
26119,7890,932,.11812421
26121,131935,22354,.16943191
26123,36887,5118,.13874806
26125,971055,414527,.42688313
26127,20216,3335,.16496834
26129,17037,1893,.11111111
26131,5306,870,.16396533
26133,17836,2033,.11398295
26135,6728,692,.10285375
26137,19035,3913,.20556869
26139,211219,60248,.28523949
26141,10750,1695,.15767442
26143,20298,2739,.1349394
26145,151499,28894,.19072074
26147,125137,20867,.16675323
26149,45669,6418,.14053297
26151,32368,4185,.12929437
26153,6631,934,.14085357
26155,53567,7980,.14897232
26157,42191,5424,.12855822
26159,57170,10899,.19064194
26161,291898,134971,.46239096
26163,1340969,280941,.20950596
26165,25192,4127,.16382185
27001,13206,2169,.16424352
27003,261140,69540,.26629394
27005,25300,5671,.2241502
27007,34232,8031,.23460504
27009,29511,6106,.2069059
27011,4002,648,.16191904
27013,52779,13235,.25076261
27015,19713,3623,.18378735
27017,27353,5459,.19957592
27019,71556,31485,.44000503
27021,22678,4589,.2023547
27023,9249,1568,.16953184
27025,41592,8109,.19496538
27027,47291,13189,.27889028
27029,6634,970,.14621647
27031,4488,1726,.38458112
27033,8694,1658,.19070624
27035,49477,11391,.23022819
27037,311677,119217,.38250175
27039,14945,3417,.22863834
27041,29014,6933,.23895361
27043,10909,1826,.16738473
27045,15784,3083,.19532438
27047,23914,3803,.15902819
27049,35636,8374,.23498709
27051,4615,842,.18244854
27053,953313,430063,.45112467
27055,14681,3239,.2206253
27057,16362,4098,.25045839
27059,29175,4642,.15910883
27061,35650,7592,.21295932
27063,7863,1523,.19369197
27065,12478,1738,.13928515
27067,32317,6870,.21258162
27069,3439,745,.21663274
27071,10331,1828,.17694318
27073,5486,989,.18027706
27075,8633,2333,.27024209
27077,3120,506,.16217948
27079,21115,4365,.20672508
27081,4405,843,.19137344
27083,19383,4662,.24052005
27085,27392,4707,.17183849
27087,3792,426,.11234177
27089,7242,1352,.18668877
27091,15716,2920,.18579791
27093,17451,3089,.17700991
27095,19385,2846,.14681454
27097,25125,3876,.15426865
27099,29641,5671,.19132283
27101,6618,1167,.17633726
27103,26062,7394,.2837081
27105,16043,2159,.13457583
27107,5039,826,.16392142
27109,114192,46583,.40793577
27111,45272,10607,.23429492
27113,10922,1888,.17286211
27115,23125,2992,.12938379
27117,6941,1341,.19319983
27119,24055,5337,.22186656
27121,8608,1805,.20968866
27123,412358,156717,.38005084
27125,3027,482,.15923357
27127,11756,2025,.17225246
27129,11440,1629,.14239511
27131,50856,11441,.22496854
27133,7063,1512,.21407335
27135,11721,2057,.17549697
27137,161822,41318,.25532994
27139,101201,36747,.36310905
27141,67062,16990,.25334764
27143,11285,1760,.15595923
27145,119573,28038,.23448437
27147,27363,6335,.23151702
27149,7733,1827,.23626019
27151,7347,1165,.15856813
27153,18616,2561,.13756983
27155,2661,463,.17399473
27157,16787,3428,.20420563
27159,10251,1250,.12193932
27161,14422,2699,.18714464
27163,188145,74218,.39447236
27165,8294,1158,.13961901
27167,4933,959,.19440503
27169,41643,9729,.23362871
27171,93631,23987,.25618652
27173,7637,1127,.14757104
28001,24276,3849,.15855166
28003,28411,4166,.14663334
28005,9931,1289,.1297956
28007,13924,1658,.11907498
28009,6464,607,.093904704
28011,24837,4967,.19998389
28013,11092,1162,.10476018
28015,8204,1180,.14383228
28017,12985,1392,.10720062
28019,6487,1082,.16679513
28021,7126,1033,.14496212
28023,12408,1506,.12137331
28025,15257,2652,.17382185
28027,17541,2623,.14953537
28029,21954,2587,.11783729
28031,14368,2051,.14274777
28033,127483,27398,.21491493
28035,58258,13187,.22635518
28037,5889,894,.15180846
28039,17281,1891,.10942654
28041,11020,863,.078312159
28043,16287,2600,.15963653
28045,36104,7008,.19410592
28047,151837,30275,.19939145
28049,182606,46398,.25408804
28051,13414,1243,.092664383
28053,6325,766,.12110672
28055,1115,63,.056502242
28057,18263,2061,.11285112
28059,107327,20162,.18785581
28061,12738,1644,.12906265
28063,5606,710,.12665002
28065,9229,1258,.13630946
28067,50863,8388,.16491359
28069,8026,906,.11288313
28071,43163,13987,.32405069
28073,45192,14891,.32950523
28075,59501,10908,.18332465
28077,9569,1212,.12665901
28079,16698,1828,.10947419
28081,62906,13556,.21549614
28083,21726,3563,.16399705
28085,26068,3708,.14224337
28087,45284,9773,.21581574
28089,76119,32301,.42434871
28091,19440,2236,.11502057
28093,28097,3505,.12474641
28095,27693,4132,.14920738
28097,7937,1533,.19314602
28099,21111,2709,.12832172
28101,15976,2344,.14672008
28103,8143,922,.11322609
28105,40748,12027,.29515558
28107,25476,3395,.13326268
28109,42412,5678,.1338772
28111,9227,893,.096781187
28113,29046,4127,.14208497
28115,22718,3183,.14010917
28117,19563,2085,.10657874
28119,5679,618,.10882197
28121,113645,31675,.27871883
28123,20894,2394,.11457835
28125,3478,680,.19551466
28127,20486,2460,.12008201
28129,12160,1273,.1046875
28131,13905,1785,.12837109
28133,20652,2688,.13015689
28135,12102,1089,.089985125
28137,21601,2990,.13841952
28139,16559,2129,.12857057
28141,15166,1607,.1059607
28143,7204,1143,.15866186
28145,21014,2829,.13462454
28147,11137,1034,.092843674
28149,35813,7439,.20771787
28151,35319,6061,.17160735
28153,15350,1794,.11687297
28155,7468,1246,.1668452
28157,7108,949,.13351154
28159,14252,2087,.14643559
28161,9549,1215,.12723845
28163,20629,2686,.13020505
29001,20847,5106,.24492733
29003,13353,3176,.23784918
29005,4308,929,.21564531
29007,19744,2596,.13148299
29009,27298,3256,.11927614
29011,9007,1447,.16065283
29013,12413,1768,.14243132
29015,15582,1789,.11481196
29017,9602,846,.088106647
29019,138933,53461,.38479698
29021,68921,12582,.18255684
29023,32801,4922,.15005641
29025,6866,1127,.16414215
29027,35225,6753,.19171043
29029,36646,7476,.2040059
29031,61290,15905,.25950399
29033,6874,1118,.16264184
29035,4720,527,.11165255
29037,76524,18190,.2377032
29039,10531,1365,.12961732
29041,5867,895,.15254815
29043,61471,15795,.25695044
29045,5193,651,.12536107
29047,177692,53220,.29950702
29049,15616,2716,.17392418
29051,59269,16896,.28507313
29053,13756,2641,.19198895
29055,18696,2018,.10793753
29057,5978,878,.14687186
29059,12551,1393,.11098717
29061,6175,974,.1577328
29063,10505,1392,.13250832
29065,11982,1424,.11884493
29067,10548,918,.087030716
29069,22893,2670,.11662954
29071,78425,14762,.1882308
29073,11652,1901,.16314796
29075,5024,939,.18690287
29077,226506,60914,.26892886
29079,7764,1318,.16975786
29081,6497,925,.1423734
29083,16948,2554,.15069625
29085,7765,739,.095170639
29087,3618,746,.20619127
29089,7895,1744,.2208993
29091,30408,4364,.14351487
29093,8155,881,.10803188
29095,523666,148193,.28299144
29097,88554,18342,.20712785
29099,169500,30911,.18236578
29101,42245,9828,.23264292
29103,3021,449,.14862628
29105,26799,3483,.12996754
29107,25051,4386,.17508283
29109,28403,4113,.14480865
29111,7744,989,.12771177
29113,40503,6010,.14838406
29115,9320,1321,.14173819
29117,11791,2034,.17250445
29119,16833,1968,.11691321
29121,11643,1666,.14309026
29123,9445,1084,.11476972
29125,7089,865,.12202003
29127,21938,4267,.1945027
29129,2750,471,.17127272
29131,18998,2798,.14727867
29133,10839,1158,.10683642
29135,11931,1923,.16117677
29137,6743,911,.13510308
29139,8948,1085,.12125615
29141,15690,1844,.11752709
29143,13798,1601,.11603131
29145,44108,7812,.17711073
29147,18999,3751,.19743145
29149,8368,985,.11771032
29151,10442,1817,.17400882
29153,7505,946,.1260493
29155,12747,1378,.10810386
29157,14538,2305,.15855001
29159,31727,5129,.16166042
29161,35401,8612,.24326997
29163,14440,2046,.14168975
29165,73750,28314,.38391864
29167,23994,4338,.18079519
29169,41295,7907,.19147597
29171,3767,635,.16856915
29173,8013,1074,.1340322
29175,19456,2540,.13055098
29177,17569,2431,.13836871
29179,5030,457,.090854868
29181,10610,1157,.10904807
29183,292201,99415,.34022814
29185,7648,987,.12905335
29186,13916,2014,.1447255
29187,52162,6327,.1212952
29189,776962,308285,.39678261
29195,17737,2944,.16598071
29197,3260,410,.12576687
29199,3501,399,.11396744
29201,29623,3769,.12723222
29203,6444,832,.12911235
29205,4627,669,.14458613
29207,23173,2978,.12851162
29209,26125,4551,.17420095
29211,4901,503,.10263211
29213,42753,6889,.16113488
29215,19737,2508,.12707098
29217,15706,2463,.15681905
29219,25469,4388,.17228788
29221,19214,1597,.083116479
29223,10508,1161,.11048725
29225,27333,3918,.14334321
29227,1633,300,.18371096
29229,13760,1500,.10901163
29510,252163,79912,.31690612
30001,7692,2138,.27795112
30003,8829,1343,.15211235
30005,4649,852,.18326522
30007,4604,1221,.26520416
30009,8555,2524,.29503214
30011,1065,162,.15211268
30013,63419,15720,.24787524
30015,4409,1057,.2397369
30017,9312,1917,.2058634
30019,1408,298,.21164773
30021,7235,1394,.1926745
30023,7688,1197,.1556972
30025,2160,317,.14675926
30027,9005,2447,.27173793
30029,74633,20045,.26858091
30031,80184,33194,.41397285
30033,861,132,.15331011
30035,9356,1515,.16192818
30037,594,119,.20033669
30039,2595,607,.23391137
30041,11951,2502,.20935486
30043,9185,2818,.30680457
30045,1639,453,.27638805
30047,22321,5346,.2395054
30049,51939,17688,.34055334
30051,1872,273,.14583333
30053,15738,3005,.19093913
30055,1311,220,.16781083
30057,6670,1917,.2874063
30059,1479,279,.18864097
30061,3424,473,.13814253
30063,92184,33730,.36589864
30065,3752,525,.13992538
30067,12970,4238,.32675403
30069,377,98,.25994694
30071,3174,521,.16414618
30073,4557,964,.21154268
30075,1342,314,.23397914
30077,5866,982,.16740538
30079,1022,197,.19275929
30081,33105,8175,.24694155
30083,8549,1536,.17967014
30085,7550,1024,.13562913
30087,6603,1152,.17446615
30089,9340,1513,.16199143
30091,2817,546,.19382322
30093,27528,6175,.22431706
30095,7305,1697,.23230664
30097,2831,677,.23913811
30099,4613,1025,.22219813
30101,4040,547,.13539603
30103,634,136,.21451104
30105,5892,1248,.21181263
30107,1585,260,.16403785
30109,872,184,.21100917
30111,119414,33090,.27710319
31001,24041,5068,.21080653
31003,4932,862,.17477697
31005,289,80,.27681661
31007,556,95,.17086332
31009,396,89,.22474748
31011,4114,761,.18497813
31013,8340,1356,.16258992
31015,1581,309,.19544592
31017,2426,418,.17230009
31019,37517,10695,.28507078
31021,5082,913,.17965367
31023,6164,1082,.17553537
31025,19267,4767,.24741787
31027,6413,1131,.17636052
31029,2928,538,.18374316
31031,4503,860,.19098379
31033,7625,1889,.24773771
31035,4752,792,.16666667
31037,7415,1024,.13809845
31039,6824,1333,.19533998
31041,8315,1672,.20108238
31043,14572,1697,.11645622
31045,7337,2173,.29617009
31047,17306,2491,.14393851
31049,1530,252,.16470589
31051,4313,749,.17366102
31053,27934,5010,.17935133
31055,407821,142365,.34908697
31057,1521,325,.21367522
31059,4455,830,.18630752
31061,2438,460,.18867925
31063,2089,366,.17520344
31065,3716,649,.17465016
31067,16841,3251,.19304079
31069,1554,365,.23487774
31071,1572,311,.19783714
31073,1621,381,.2350401
31075,526,112,.21292776
31077,1852,320,.17278618
31079,44601,8091,.18140849
31081,6930,1664,.24011543
31083,2696,506,.18768546
31085,764,123,.16099477
31087,2219,359,.16178459
31089,7847,1550,.19752772
31091,578,141,.24394463
31093,4834,916,.18949111
31095,5711,825,.14445807
31097,4222,658,.15585031
31099,4930,1034,.2097363
31101,6501,1361,.2093524
31103,575,127,.22086957
31105,2837,458,.16143814
31107,6446,1268,.19671114
31109,235827,78242,.3317771
31111,27021,5538,.2049517
31113,655,143,.21832061
31115,433,98,.22632794
31117,335,81,.24179104
31119,26350,4954,.18800759
31121,6064,982,.16193931
31123,3728,643,.17247854
31125,2754,490,.17792302
31127,5564,1317,.23670022
31129,3457,623,.18021406
31131,12076,2426,.20089434
31133,2143,335,.15632291
31135,2214,478,.21589883
31137,6941,1660,.23915862
31139,5394,1113,.20634037
31141,24322,4937,.20298496
31143,4026,784,.19473423
31145,8369,1457,.17409487
31147,6361,1154,.18141802
31149,1151,197,.17115551
31151,10820,1255,.11598891
31153,126169,45323,.35922453
31155,15712,3934,.25038189
31157,27430,5515,.20105724
31159,13032,3181,.24409147
31161,4069,997,.24502334
31163,2401,451,.18783841
31165,1005,258,.25671643
31167,4451,738,.16580544
31169,4036,814,.20168483
31171,511,148,.28962818
31173,4540,640,.14096916
31175,3332,624,.1872749
31177,15496,4334,.27968508
31179,7573,1755,.23174435
31181,2779,586,.21086721
31183,692,126,.18208092
31185,10700,2779,.25971964
32001,18436,3103,.168312
32003,1612686,342222,.21220621
32005,39087,9948,.25450918
32007,37878,5994,.15824489
32009,900,137,.15222222
32011,1322,171,.12934947
32013,12411,1700,.13697526
32015,4274,525,.12283575
32017,4222,798,.18900995
32019,40734,5473,.13435951
32021,3551,461,.12982258
32023,35904,3955,.11015486
32027,5534,703,.12703289
32029,3428,746,.2176196
32031,346474,93842,.2708486
32033,7808,1024,.13114753
32510,43074,8561,.19875099
33001,48817,14499,.2970072
33003,39646,12624,.318418
33005,62189,17916,.28808954
33007,26751,4670,.17457291
33009,74185,25542,.3443014
33011,319684,109364,.34210032
33013,118669,38271,.32250208
33015,241198,92913,.38521463
33017,102189,31341,.30669641
33019,34663,8458,.24400657
34001,213204,52262,.24512674
34003,735904,331839,.45092702
34005,352972,120505,.34140101
34007,392856,114471,.29138157
34009,77684,22750,.29285309
34011,118132,15833,.13402803
34013,609241,190743,.31308299
34015,225216,64978,.28851414
34017,540877,201378,.37231755
34019,99853,46924,.4699308
34021,292953,109716,.37451741
34023,653712,252166,.38574478
34025,489700,201537,.41155198
34027,389293,192296,.49396214
34029,450541,120700,.26790014
34031,387391,96443,.24895519
34033,49694,9931,.19984303
34035,257172,128288,.49884126
34037,113376,36593,.3227579
34039,425876,134998,.31698897
34041,84693,24925,.29429823
35001,521922,158250,.30320624
35003,3024,767,.25363755
35005,47757,8133,.17029965
35006,20530,2270,.11056989
35007,10178,1895,.1861859
35009,36782,6229,.16934913
35011,1530,156,.10196079
35013,159573,37097,.23247667
35015,41841,6156,.14712842
35017,22427,5528,.2464886
35019,3602,447,.12409772
35021,445,105,.23595506
35023,3422,454,.13267095
35025,48574,5666,.11664677
35027,15896,4396,.27654755
35028,13871,8462,.61004972
35029,17888,2260,.12634169
35031,51256,4851,.09464258
35033,3764,498,.13230605
35035,49678,8077,.16258706
35037,6578,903,.13727577
35039,30014,4993,.1663557
35041,14562,2942,.20203269
35043,105138,28618,.27219465
35045,92964,12115,.13031927
35047,22517,3977,.17662211
35049,119200,45528,.3819463
35051,9431,1750,.18555826
35053,13112,2302,.17556436
35055,26640,6807,.25551802
35057,12285,1976,.16084656
35059,3354,491,.14639236
35061,57346,8397,.14642695
36001,250422,91743,.3663536
36003,37708,6323,.16768324
36005,1088685,191998,.17635772
36007,157630,40197,.25500858
36009,60508,10366,.17131619
36011,62452,12878,.20620637
36013,103692,20069,.19354434
36015,67937,15511,.22831447
36017,38444,6722,.17485173
36019,66427,13167,.19821759
36021,50226,14359,.28588778
36023,38848,8401,.21625309
36025,37873,7444,.19655164
36027,237200,74220,.31290051
36029,733491,225310,.30717486
36031,31778,7981,.25114858
36033,41042,6974,.1699235
36035,42864,7191,.16776316
36037,46378,9378,.20220794
36039,39619,7948,.20061082
36041,3990,738,.18496241
36043,49672,9420,.18964407
36045,88059,16511,.18749928
36047,2026306,671756,.33151755
36049,20596,3137,.15231113
36051,52529,10808,.20575301
36053,57420,13513,.23533612
36055,589166,199735,.3390131
36057,38174,6130,.1605805
36059,1064565,443789,.41687354
36061,1414226,815337,.57652527
36063,169434,37570,.22173826
36065,182823,40642,.22230245
36067,366040,117491,.32097858
36069,86707,26991,.31128976
36071,280631,75169,.26785707
36073,33239,4880,.14681549
36075,94109,15548,.16521268
36077,50668,12591,.24850003
36079,78709,28903,.3672134
36081,1865585,545198,.2922397
36083,127721,35411,.27725276
36085,370626,112367,.30318165
36087,235029,87472,.37217534
36089,88107,17575,.19947337
36091,179184,67351,.37587619
36093,121478,34363,.28287426
36095,25874,5040,.19479014
36097,14515,3027,.20854288
36099,27842,5348,.1920839
36101,75959,15886,.20913914
36103,1168181,382987,.32784903
36105,59564,12974,.21781613
36107,38632,8954,.23177676
36109,88572,36552,.41268122
36111,147155,42490,.28874317
36113,52553,14389,.27379978
36115,50016,9185,.18364124
36117,71400,14633,.20494398
36119,754447,335175,.44426581
36121,32755,4776,.1458098
36123,19442,4224,.2172616
37001,121903,25543,.20953545
37003,29469,3813,.12939021
37005,8987,1566,.17425169
37007,20435,1790,.087594815
37009,21898,3999,.18261942
37011,14835,2715,.18301314
37013,37409,6840,.1828437
37015,16285,1864,.11446116
37017,26800,3569,.13317165
37019,102007,27224,.26688364
37021,203908,73079,.35839203
37023,71350,10937,.15328662
37025,145237,39930,.27492994
37027,64821,8948,.13804169
37029,7895,1327,.16808106
37031,56175,14067,.25041389
37033,18500,2382,.12875676
37035,120542,24362,.20210384
37037,54247,20479,.37751397
37039,22631,4083,.18041624
37041,11352,2138,.18833686
37043,8820,1893,.21462585
37045,75522,11593,.15350494
37047,44150,5173,.11716874
37049,80262,16798,.20928958
37051,249664,52036,.20842412
37053,19647,4185,.21300963
37055,28553,8316,.29124784
37057,127054,21219,.16700773
37059,32675,6958,.21294567
37061,44719,4388,.098123841
37063,235723,102755,.43591419
37065,41538,4469,.10758823
37067,281667,86834,.30828601
37069,49345,9562,.1937785
37071,164765,31118,.18886292
37073,9167,1340,.1461765
37075,6789,876,.12903225
37077,46205,8975,.19424304
37079,16555,1477,.08921776
37081,400197,125893,.31457758
37083,40970,5295,.12924092
37085,94014,17471,.18583402
37087,48854,11197,.22919311
37089,90252,26712,.29597127
37091,19580,2688,.13728294
37093,37708,6305,.1672059
37095,4370,286,.065446228
37097,129565,32248,.24889438
37099,34528,8687,.2515929
37101,137420,27372,.19918498
37103,7870,1056,.13418043
37105,44784,8826,.19707932
37107,44852,5521,.12309373
37109,62968,11971,.19011244
37111,35708,5267,.14750196
37113,27748,5817,.20963673
37115,17453,4158,.23823984
37117,18379,2685,.14609064
37119,782540,319217,.40792421
37121,12363,2137,.17285448
37123,21134,2684,.12699915
37125,74109,24954,.33672023
37127,72842,13605,.18677412
37129,177607,62012,.34915289
37131,16662,1954,.11727284
37133,145523,21825,.1499763
37135,113240,54415,.48052809
37137,10756,1914,.17794719
37139,30811,5667,.18392782
37141,44727,10638,.23784292
37143,10864,2030,.18685567
37145,30728,4337,.14114162
37147,137951,36045,.26128843
37149,16949,5112,.30161071
37151,109483,15489,.14147402
37153,34861,4473,.12830958
37155,99841,11408,.11426168
37157,72539,9868,.13603717
37159,107465,18030,.16777556
37161,52499,8595,.1637174
37163,47868,5455,.11395922
37165,27191,3834,.14100254
37167,47612,7247,.15220952
37169,36962,4849,.13118879
37171,56482,8750,.15491661
37173,11012,1516,.137668
37175,27874,7641,.27412644
37177,3509,272,.077514961
37179,159770,49541,.31007698
37181,33756,3721,.11023226
37183,771121,361980,.46942049
37185,16434,2382,.14494342
37187,9757,839,.085989542
37189,46437,13936,.30010551
37191,94779,16829,.17756043
37193,54064,7757,.1434781
37195,62173,10820,.17403053
37197,29598,3340,.11284547
37199,14263,2738,.19196522
38001,1892,486,.25687104
38003,8790,2056,.23390216
38005,4523,623,.13774043
38007,770,173,.22467533
38009,5279,1088,.20609964
38011,2458,552,.22457282
38013,1646,301,.18286756
38015,71171,22893,.32166192
38017,132840,45546,.34286359
38019,3028,607,.20046236
38021,3942,1033,.26204973
38023,1936,363,.1875
38025,3372,743,.22034401
38027,1779,380,.21360315
38029,2728,426,.15615836
38031,2622,620,.23646072
38033,1416,322,.22740114
38035,55782,15510,.27804667
38037,1911,341,.1784406
38039,1829,383,.20940405
38041,2049,281,.13714007
38043,1943,340,.17498714
38045,3203,699,.2182329
38047,1571,215,.13685551
38049,4551,861,.1891892
38051,2214,406,.1833785
38053,8286,1947,.23497465
38055,7608,1369,.17994216
38057,6729,1434,.21310745
38059,23386,5825,.24908064
38061,7405,1407,.19000675
38063,2437,509,.20886336
38065,1426,268,.18793829
38067,5588,1099,.19667144
38069,3393,591,.17418215
38071,8919,2116,.23724633
38073,4172,790,.18935762
38075,1917,289,.15075639
38077,12846,2462,.191655
38079,9714,1789,.18416718
38081,3116,551,.17682926
38083,1180,163,.1381356
38085,2763,405,.1465798
38087,530,135,.25471699
38089,22764,5113,.22460903
38091,1531,388,.25342914
38093,16819,3787,.22516201
38095,1714,304,.17736289
38097,6260,1462,.23354633
38099,8450,1379,.16319527
38101,53427,12993,.24319164
38103,3295,723,.21942337
38105,24185,4941,.20430018
39001,21126,2424,.11474013
39003,79859,12957,.16224846
39005,41069,7395,.18006282
39007,76472,9389,.12277696
39009,55724,11816,.21204507
39011,34608,5939,.17160772
39013,55672,8519,.15302126
39015,33618,4007,.1191921
39017,285451,75009,.26277363
39019,21973,2587,.1177354
39021,30056,4430,.14739154
39023,104591,17817,.17034927
39025,153834,40542,.26354381
39027,31916,5076,.15904249
39029,82830,10908,.13169141
39031,27960,3332,.11917024
39033,32909,4517,.13725728
39035,989610,291381,.29444024
39037,39356,5306,.13482061
39039,29349,4494,.15312277
39041,140179,69170,.49344054
39043,59728,12459,.20859563
39045,114575,28189,.24603099
39047,21795,3261,.14962147
39049,958413,340268,.35503274
39051,31978,5137,.16064169
39053,23215,3460,.14904156
39055,71562,25087,.35056314
39057,130626,45069,.34502319
39059,30499,4036,.13233221
39061,621077,207952,.33482483
39063,58507,14639,.25020939
39065,24207,3327,.13743958
39067,12150,1247,.10263374
39069,20925,3475,.1660693
39071,32656,3783,.11584395
39073,22072,2940,.13320044
39075,29458,2243,.076142304
39077,44080,5603,.1271098
39079,24815,3585,.14446907
39081,54220,7485,.13804869
39083,46879,9269,.19772179
39085,182013,46879,.25755852
39087,47402,6448,.13602802
39089,130471,29226,.22400381
39091,34512,4950,.14342837
39093,236268,51429,.2176723
39095,332916,78474,.23571712
39097,34579,5397,.15607738
39099,184554,39926,.21633777
39101,51733,6481,.12527786
39103,135346,40520,.29938084
39105,18157,2267,.12485543
39107,30245,4838,.15996033
39109,80013,15800,.19746791
39111,11235,1249,.11117045
39113,412888,101303,.24535225
39115,11566,1398,.12087152
39117,26345,3363,.1276523
39119,66120,9569,.14472172
39121,11835,1173,.099112801
39123,32885,6996,.21274137
39125,14421,1881,.13043478
39127,27360,2912,.10643275
39129,44517,7155,.16072512
39131,21648,2649,.12236696
39133,130818,31484,.24067025
39135,31807,4279,.13453014
39137,25384,4585,.18062559
39139,95051,15054,.15837814
39141,60371,8870,.14692485
39143,45802,6484,.14156587
39145,59994,8319,.13866387
39147,43150,6066,.14057937
39149,36346,5755,.15833929
39151,292441,61499,.21029541
39153,425075,124503,.29289654
39155,160911,28256,.17560017
39157,71170,10054,.14126739
39159,40847,11699,.28641027
39161,21616,3339,.15446891
39163,10162,946,.093091913
39165,166428,64682,.38864854
39167,48778,8471,.17366436
39169,87423,16728,.19134553
39171,28566,3916,.13708605
39173,102837,28314,.2753289
39175,16983,2436,.14343755
40001,16285,2015,.1237335
40003,4706,936,.19889502
40005,10767,1427,.13253459
40007,4043,763,.18872124
40009,17140,2581,.15058343
40011,7525,1210,.16079734
40013,34510,6994,.2026659
40015,22001,3399,.15449297
40017,97841,23759,.24283276
40019,36078,6846,.18975553
40021,37309,7539,.20206921
40023,11338,1329,.11721644
40025,1681,333,.19809636
40027,213093,59339,.27846527
40029,4261,651,.15278104
40031,93383,18256,.19549596
40033,4610,665,.14425163
40035,11332,1514,.13360396
40037,53724,7656,.14250614
40039,21911,4950,.22591393
40041,33125,5054,.15257359
40043,3592,719,.20016704
40045,3131,627,.20025551
40047,46184,9991,.21633033
40049,20779,2953,.14211464
40051,41065,7023,.17102155
40053,3371,813,.24117473
40055,4844,621,.12819983
40057,2110,440,.2085308
40059,2806,609,.21703492
40061,9643,1144,.11863528
40063,10586,1182,.1116569
40065,19001,3629,.19098994
40067,4785,538,.11243469
40069,8332,1253,.15038407
40071,33836,6061,.17912874
40073,11308,2505,.22152458
40075,6958,1099,.15794769
40077,8271,1169,.1413372
40079,37909,5122,.13511303
40081,26223,3399,.12961903
40083,34494,8557,.24807213
40085,7363,971,.13187559
40087,28118,6145,.21854328
40089,24663,3045,.1234643
40091,15813,2001,.12654145
40093,5765,902,.1564614
40095,12426,1646,.13246419
40097,31099,4375,.14067976
40099,10564,1930,.18269596
40101,52437,8903,.16978469
40103,8681,1935,.22290058
40105,8029,841,.1047453
40107,9304,1034,.111135
40109,575422,163999,.28500649
40111,29663,3925,.13231972
40113,36498,6011,.16469395
40115,23813,2946,.12371394
40117,12492,1805,.14449248
40119,65017,18174,.27952689
40121,34779,5247,.1508669
40123,29186,7227,.24761872
40125,54211,8803,.16238402
40127,8652,1215,.14042996
40129,2764,512,.18523878
40131,68106,14684,.21560508
40133,18823,2342,.12442225
40135,31701,4027,.1270307
40137,33818,5424,.16038796
40139,15493,2756,.17788678
40141,5756,826,.14350243
40143,474796,134476,.28322899
40145,57557,12064,.20960091
40147,39598,9816,.24789131
40149,8589,1751,.20386541
40151,7337,1916,.26114216
40153,15752,2853,.18111986
41001,12844,2733,.21278419
41003,73485,31100,.42321563
41005,311545,102055,.32757708
41007,30568,6807,.22268385
41009,39151,6757,.17258818
41011,51214,8967,.17508884
41013,17486,2898,.16573259
41015,18969,4203,.22157204
41017,138199,43619,.31562456
41019,86567,13654,.15772754
41021,1484,264,.17789757
41023,5887,1174,.19942245
41025,5670,995,.17548501
41027,17275,4806,.27820551
41029,167686,41252,.24600741
41031,17272,2612,.15122741
41033,67925,11027,.16234082
41035,51710,8985,.17375749
41037,6343,886,.13968153
41039,294521,77151,.26195416
41041,39149,8887,.22700453
41043,93096,15881,.17058735
41045,22690,2654,.11696783
41047,246991,50224,.20334344
41049,8078,750,.092844762
41051,634229,258017,.40681994
41053,61110,16480,.26967764
41055,1392,237,.17025863
41057,20911,4151,.19850796
41059,56991,8308,.1457774
41061,20077,4322,.2152712
41063,5634,1391,.24689385
41065,19873,3580,.18014391
41067,434958,170491,.39197117
41069,1191,190,.15952981
41071,78700,17834,.22660737
42001,80671,16422,.20356758
42003,996286,375754,.37715477
42005,53719,8078,.1503751
42007,135097,30913,.22882077
42009,38985,5148,.13205078
42011,321024,70518,.21966583
42013,98913,18954,.19162294
42015,47969,8244,.17186099
42017,494094,183889,.37217411
42019,147431,47276,.32066527
42021,109594,21416,.19541216
42023,3905,588,.15057619
42025,51361,7860,.1530344
42027,136099,46758,.34355873
42029,394684,184689,.46794143
42031,31451,6091,.19366634
42033,65549,8851,.13502875
42035,31317,5092,.16259539
42037,54747,10351,.18906972
42039,68383,12648,.18495825
42041,195683,61749,.31555629
42043,211878,59163,.27923146
42045,438131,150823,.3442418
42047,24707,4395,.17788482
42049,217254,55303,.25455457
42051,107222,15849,.14781481
42053,6721,428,.063680999
42055,118218,22779,.19268639
42057,11556,1476,.12772585
42059,30155,5002,.1658763
42061,37051,5282,.14256026
42063,70756,13751,.19434394
42065,34876,5195,.1489563
42067,18910,2525,.13352723
42069,169093,42566,.25173131
42071,407770,99309,.2435417
42073,70396,13675,.1942582
42075,105981,20127,.1899114
42077,278386,74790,.26865575
42079,255806,54466,.21291916
42081,91581,18523,.20225811
42083,33669,5476,.1626422
42085,90781,18616,.20506494
42087,35932,4135,.11507848
42089,132792,28656,.21579613
42091,639578,289265,.45227477
42093,14643,4229,.28880695
42095,239488,63162,.26373765
42097,74562,10915,.14638825
42099,35888,5604,.15615247
42101,1224068,306451,.25035456
42103,44890,11156,.2485186
42105,13469,1941,.1441087
42107,115951,17736,.15296116
42109,31822,4851,.15244171
42111,61765,9308,.15070024
42113,5452,820,.15040351
42115,33708,5579,.16550967
42117,33213,6195,.18652335
42119,37101,7636,.20581655
42121,42211,6830,.16180617
42123,32408,5840,.18020242
42125,166634,44894,.26941681
42127,42768,8280,.1936027
42129,289855,76929,.26540512
42131,22155,3878,.1750395
42133,343375,76055,.22149254
44001,39540,16667,.4215225
44003,132426,40275,.30413213
44005,68307,29891,.4375979
44007,501319,127661,.25465024
44009,103964,40446,.3890385
45001,19541,2592,.13264419
45003,129068,30607,.23713857
45005,7598,645,.08489076
45007,149118,28853,.19349106
45009,11841,1937,.16358416
45011,16410,1873,.11413772
45013,144108,51809,.3595151
45015,154968,33154,.21394095
45017,11821,1999,.16910583
45019,310133,120087,.38721129
45021,43227,6182,.14301246
45023,24937,3267,.13101014
45025,35660,3685,.10333707
45027,27254,3667,.13454905
45029,28989,4120,.14212288
45031,52154,8547,.16388005
45033,23069,2336,.10126143
45035,113478,28686,.25278908
45037,21603,3897,.18039161
45039,18294,2920,.15961517
45041,105127,21761,.20699725
45043,49100,12297,.25044808
45045,375331,116088,.309295
45047,53912,11526,.21379285
45049,15585,1656,.10625602
45051,251224,54015,.21500732
45053,21613,2931,.13561283
45055,48791,9302,.19064991
45057,67577,15705,.23240155
45059,51690,6947,.13439737
45061,14089,1487,.10554333
45063,215405,60233,.27962676
45065,8466,1545,.18249469
45067,24283,3671,.15117572
45069,21934,1749,.07973922
45071,29517,4621,.15655385
45073,60487,13596,.22477557
45075,69127,12617,.18251914
45077,97776,19736,.20184912
45079,316661,101721,.32122996
45081,15732,2326,.14785151
45083,227899,49787,.21846081
45085,81094,14193,.17501912
45087,21845,2557,.11705196
45089,25309,2997,.11841638
45091,189644,54155,.28556135
46003,2025,414,.20444444
46005,13323,2407,.18066502
46007,2221,330,.14858171
46009,5714,1013,.17728387
46011,26896,8351,.31049228
46013,29449,7845,.26639274
46015,3926,922,.23484462
46017,1259,92,.073073871
46019,7732,1470,.19011898
46021,1133,258,.22771403
46023,6570,1052,.16012177
46025,2749,445,.16187705
46027,11513,3991,.34665161
46029,21174,4226,.19958439
46031,2703,420,.1553829
46033,7104,1705,.24000563
46035,15267,3363,.22027904
46037,4342,763,.17572547
46039,3291,631,.19173503
46041,3673,460,.12523822
46043,2240,410,.18303572
46045,3027,694,.22926991
46047,5561,1203,.216328
46049,1839,472,.25666124
46051,5518,754,.13664371
46053,3217,648,.2014299
46055,1554,256,.16473617
46057,4035,777,.19256505
46059,2602,594,.22828594
46061,2317,465,.20069055
46063,976,280,.28688523
46065,13380,4281,.31995517
46067,5549,1206,.21733646
46069,1085,203,.18709677
46071,2271,436,.19198591
46073,1568,286,.18239796
46075,623,111,.17817014
46077,3936,873,.22179878
46079,9648,2751,.28513682
46081,20457,5544,.27100748
46083,37824,14547,.38459709
46085,2782,448,.16103522
46087,4017,825,.20537715
46089,1905,284,.14908136
46091,3601,777,.2157734
46093,20591,4598,.22330144
46095,1430,196,.13706294
46097,1670,333,.1994012
46099,137295,39257,.28593177
46101,4866,1118,.2297575
46102,8954,929,.10375252
46103,82594,22305,.27005595
46105,2335,430,.18415418
46107,1846,383,.20747562
46109,7360,1169,.15883152
46111,1876,316,.1684435
46115,4943,1012,.20473397
46117,2305,629,.27288502
46119,1059,240,.2266289
46121,5999,810,.13502251
46123,4243,924,.21777044
46125,6300,1393,.2211111
46127,11258,3249,.28859478
46129,4238,904,.21330817
46135,17844,4482,.25117686
46137,1881,235,.12493355
47001,59575,13262,.22261016
47003,34786,5013,.1441097
47005,12945,1545,.1193511
47007,12033,1361,.11310562
47009,100567,21756,.21633339
47011,80456,15750,.19575918
47013,31694,3452,.10891651
47015,10882,1232,.11321449
47017,22133,3279,.14814982
47019,45660,6735,.14750329
47021,30497,5470,.17936191
47023,13171,1944,.147597
47025,25525,3285,.12869735
47027,6167,765,.12404735
47029,27997,2943,.10511841
47031,41040,7180,.17495127
47033,11003,1381,.12551123
47035,47729,8387,.17572126
47037,533096,193898,.3637206
47039,9211,1019,.1106286
47041,15096,1941,.12857711
47043,39199,5232,.13347279
47045,28671,4754,.16581215
47047,31287,6641,.21226068
47049,14059,1588,.11295256
47051,32818,6046,.18422817
47053,37176,6071,.16330428
47055,22936,3111,.1356383
47057,18128,1867,.10298985
47059,54945,7601,.13833834
47061,10363,1049,.10122551
47063,48714,7636,.15675165
47065,279988,78526,.28046203
47067,5255,487,.092673644
47069,20755,2087,.10055409
47071,20437,2424,.11860841
47073,44691,5555,.12429795
47075,13760,1565,.11373547
47077,21440,2876,.13414179
47079,25495,3811,.14948028
47081,19172,1934,.10087628
47083,6356,633,.099590935
47085,14354,1638,.11411453
47087,9415,727,.077217206
47089,42004,6326,.15060471
47091,14779,1489,.10075106
47093,355798,116612,.32774776
47095,6428,533,.08291848
47097,20335,1643,.080796659
47099,31927,3645,.11416669
47101,9385,1024,.10911028
47103,26039,4393,.16870847
47105,40798,9935,.24351683
47107,41263,5793,.14039212
47109,20166,2303,.11420212
47111,17553,1619,.092234947
47113,75550,17526,.23197882
47115,22293,2715,.12178711
47117,24212,3050,.12597059
47119,66912,12938,.19335844
47121,9357,875,.093512878
47123,35689,3953,.11076242
47125,140177,32921,.23485307
47127,5040,889,.17638889
47129,17438,1232,.070650302
47131,23914,3451,.14430878
47133,16969,2048,.12069067
47135,6158,644,.10457941
47137,4147,276,.066554137
47139,13307,1412,.10610957
47141,59634,12515,.2098635
47143,25033,3269,.13058762
47145,42758,7640,.17868002
47147,51545,8802,.1707634
47149,223825,63283,.28273427
47151,16639,1277,.076747403
47153,11404,1539,.13495265
47155,75350,12666,.16809556
47157,700242,195118,.27864367
47159,14701,1520,.10339433
47161,10420,1457,.13982725
47163,125558,25692,.20462257
47165,133212,33035,.24798816
47167,45839,6461,.14094985
47169,6907,987,.14289851
47171,14440,2001,.13857341
47173,14915,1231,.082534358
47175,4610,411,.089154013
47177,30629,4153,.13559045
47179,101665,29213,.28734571
47181,13644,1407,.10312225
47183,27141,4761,.17541726
47185,20555,2319,.11281926
47187,153005,82693,.54045945
47189,97748,27131,.27756065
48001,46513,5334,.11467762
48003,12097,1088,.089939654
48005,64838,9800,.15114594
48007,20119,3586,.17823948
48009,6841,1525,.22292063
48011,1512,335,.22156085
48013,34722,4557,.13124244
48015,22212,4587,.20650999
48017,5041,624,.12378497
48019,17608,3926,.22296683
48021,59709,10924,.182954
48023,2820,646,.22907801
48025,25707,2087,.081184112
48027,242982,51594,.21233672
48029,1398786,343556,.24561012
48031,9022,2442,.2706717
48033,435,162,.37241378
48035,14053,2402,.17092435
48037,71374,12355,.17310224
48039,253182,68954,.27234954
48041,170001,51089,.30052176
48043,7377,2465,.33414668
48045,1270,277,.21811023
48047,5266,613,.11640714
48049,29214,4805,.16447593
48051,13602,1874,.13777386
48053,35229,7811,.22172074
48055,30771,3956,.12856261
48057,16339,2386,.14603096
48059,10392,1564,.15050039
48061,288225,43450,.15075028
48063,9310,1412,.15166488
48065,4513,1206,.26722801
48067,23249,3279,.14103833
48069,5547,647,.11663962
48071,28290,5229,.18483563
48073,38433,6331,.16472822
48075,5640,913,.16187944
48077,8167,1346,.1648096
48079,2091,192,.091822095
48081,2575,502,.19495146
48083,6589,915,.13886781
48085,668271,315036,.47141954
48087,2289,345,.15072083
48089,16020,2830,.17665417
48091,99358,33233,.33447734
48093,10447,1805,.17277688
48095,3315,349,.10527904
48097,29640,6118,.20641026
48099,57500,7630,.13269565
48101,1097,177,.16134913
48103,3316,339,.10223161
48105,2834,219,.077275932
48107,4275,489,.11438596
48109,1728,145,.083912037
48111,4999,581,.11622325
48113,1869331,514603,.27528724
48115,9840,1076,.10934959
48117,12934,1633,.12625638
48119,4001,627,.15671082
48121,580112,227371,.39194328
48123,15840,2032,.12828283
48125,1736,255,.1468894
48127,7563,661,.087399177
48129,2747,428,.15580633
48131,8556,641,.074918188
48133,14520,1672,.11515152
48135,109117,14763,.13529514
48137,1796,331,.18429844
48139,119675,24011,.20063506
48141,600384,116800,.19454215
48143,32381,7166,.22130261
48145,13575,1479,.10895028
48147,26650,3932,.14754221
48149,19761,3343,.1691716
48151,3070,541,.1762215
48153,4337,708,.16324648
48155,1133,174,.15357459
48157,512565,213238,.41602138
48159,8057,1452,.18021595
48161,15126,1722,.11384371
48163,14520,900,.06198347
48165,12796,1243,.097139731
48167,242101,66140,.27319178
48169,5545,577,.10405771
48171,20767,6462,.31116676
48173,1074,271,.25232774
48175,5884,946,.16077498
48177,15008,1749,.11653785
48179,17111,2030,.11863714
48181,96133,17680,.18391187
48183,91476,16904,.18479164
48185,21223,2620,.12345097
48187,111619,27157,.24330087
48189,24945,3548,.14223291
48191,2372,267,.11256324
48193,6541,1367,.20898946
48195,3911,598,.15290207
48197,3089,416,.13467142
48199,42127,6482,.15386806
48201,3300460,915456,.27737224
48203,49558,8532,.17216191
48205,4566,794,.173894
48207,4828,532,.11019056
48209,149148,44952,.3013919
48211,2827,599,.21188539
48213,62252,10363,.16646855
48215,558010,88561,.15870863
48217,26840,3997,.14891952
48219,17114,2115,.12358303
48221,43583,10581,.24277815
48223,26863,4291,.15973644
48225,18443,2482,.1345768
48227,28493,3328,.11680062
48229,2798,187,.066833451
48231,68664,12177,.17734183
48233,16064,1996,.12425299
48235,1223,156,.12755519
48237,6952,696,.10011508
48239,10946,1895,.1731226
48241,26843,2796,.10416123
48243,1828,649,.35503283
48245,194055,33606,.1731777
48247,3695,360,.097428955
48249,29618,3005,.10145857
48251,118171,20043,.16961014
48253,16439,1645,.10006692
48255,11884,1426,.11999327
48257,82970,15874,.19132216
48259,30752,10871,.35350546
48261,400,22,.055
48263,527,118,.22390892
48265,40828,9792,.23983541
48267,3603,669,.1856786
48269,216,43,.19907407
48271,2928,313,.1068989
48273,23820,5150,.21620487
48275,2725,502,.18422018
48277,37696,5896,.15640917
48279,9591,1396,.14555313
48281,15660,2901,.18524905
48283,5839,821,.14060627
48285,15181,2416,.15914629
48287,13035,2095,.16072114
48289,13117,1893,.14431654
48291,59530,4973,.083537713
48293,18077,2278,.12601648
48295,2540,436,.17165354
48297,9637,994,.10314413
48299,17267,4350,.25192565
48301,67,3,.044776119
48303,226111,55397,.24499914
48305,4253,696,.16364919
48307,6210,954,.15362319
48309,184712,37195,.20136753
48311,430,85,.19767442
48313,11202,1310,.1169434
48315,8242,1134,.13758796
48317,3825,692,.18091503
48319,3265,622,.19050536
48321,27196,3623,.13321812
48323,39062,4032,.10322052
48325,37114,6665,.17958184
48327,1743,267,.15318416
48329,115230,27802,.24127397
48331,18363,2598,.14148015
48333,3771,783,.20763724
48335,7098,727,.10242322
48337,14960,2273,.1519385
48339,392548,121060,.30839542
48341,15040,1792,.11914894
48343,9646,1429,.1481443
48345,846,116,.13711584
48347,50062,10104,.20182973
48349,35544,4978,.14005177
48351,11238,872,.077593878
48353,11217,1346,.11999644
48355,268364,51281,.19108748
48357,7170,1144,.15955369
48359,1303,307,.23561013
48361,63089,8963,.14206915
48363,21475,3225,.15017462
48365,17956,2365,.13171084
48367,94831,23421,.2469762
48369,6999,1008,.14402057
48371,11984,1090,.090954609
48373,37284,4208,.11286343
48375,87729,11767,.13412896
48377,5169,924,.17875798
48379,8882,899,.10121594
48381,98918,27404,.27703756
48383,2666,267,.10015003
48385,2688,534,.19866072
48387,9887,1263,.1277435
48389,11453,952,.083122328
48391,5567,596,.10705946
48393,625,186,.2976
48395,12682,1696,.13373286
48397,65353,24097,.36872065
48399,7835,1381,.17626037
48401,40717,5714,.1403345
48403,8558,1159,.13542885
48405,6702,744,.11101164
48407,21351,1925,.090159714
48409,48591,6211,.12782203
48411,4648,668,.14371772
48413,2242,455,.2029438
48415,12986,1916,.1475435
48417,2540,612,.24094488
48419,18881,2538,.13442084
48421,2363,456,.19297503
48423,167102,38103,.22802241
48425,6623,1288,.1944738
48427,42323,3778,.089265883
48429,7284,1097,.15060407
48431,810,167,.20617284
48433,826,104,.12590799
48435,2904,528,.18181819
48437,5611,665,.1185172
48439,1449596,411315,.28374457
48441,101947,21334,.2092656
48443,571,97,.16987741
48445,9279,1074,.11574523
48447,1222,228,.18657938
48449,23145,3171,.13700584
48451,89272,18942,.212183
48453,909379,394193,.43347493
48455,11537,1278,.11077403
48457,17381,1922,.11058052
48459,30797,4756,.15443063
48461,2498,256,.10248198
48463,19549,2667,.13642642
48465,34782,5864,.16859294
48467,41128,6274,.15254815
48469,67907,11888,.17506295
48471,59926,10422,.17391449
48473,36709,5115,.13933912
48475,8291,1055,.12724641
48477,27204,5711,.20993236
48479,178245,26868,.15073635
48481,30613,4160,.13588998
48483,4143,557,.13444364
48485,101975,19787,.19403775
48487,9995,1395,.13956979
48489,16457,1230,.074740231
48491,372401,137834,.37012252
48493,35545,6420,.18061613
48495,5436,509,.093635023
48497,47367,7417,.15658581
48499,34858,5053,.14495955
48501,5684,820,.14426461
48503,13744,2503,.18211584
48505,9532,919,.096412085
48507,8509,586,.068868257
49001,4351,712,.16364054
49003,35272,7075,.20058404
49005,83169,24180,.29073334
49007,15062,2108,.13995485
49009,551,46,.083484575
49011,224164,72018,.32127371
49013,13265,1706,.12860912
49015,7186,971,.13512385
49017,3828,721,.18834901
49019,7423,1822,.24545333
49021,34381,8041,.23387918
49023,6948,1057,.15213011
49025,5547,1376,.24806201
49027,8675,1674,.19296829
49029,7107,2561,.36034894
49031,1438,308,.21418637
49033,1558,317,.20346598
49035,796227,240464,.30200434
49037,10374,1577,.15201466
49039,21074,3304,.15678087
49041,14614,2215,.151567
49043,29507,14563,.49354389
49045,41787,8327,.1992725
49047,24064,3011,.12512466
49049,377473,117654,.31168851
49051,19754,6889,.3487395
49053,112439,28095,.24986883
49055,1965,467,.23765904
49057,173327,36627,.21131733
50001,30223,9699,.32091454
50003,29113,8949,.30738845
50005,24379,6174,.25325075
50007,131295,56956,.43380174
50009,5091,730,.1433903
50011,37646,8896,.23630665
50013,5725,2088,.36471614
50015,19823,6633,.3346113
50017,23389,6459,.27615547
50019,21544,4451,.20660044
50021,48878,13645,.27916446
50023,47290,17358,.36705434
50025,35295,12102,.34288144
50027,45165,15367,.34024134
51001,25971,4821,.18563013
51003,83367,38676,.46392459
51005,12471,1881,.15082993
51007,10098,1351,.13378887
51009,25447,4727,.18575864
51011,12119,2392,.19737603
51013,189832,136884,.72107971
51015,59644,13037,.21858025
51017,3509,518,.14762041
51019,61362,16293,.26552263
51021,5478,725,.13234757
51023,26527,6998,.2638067
51025,13455,1631,.12121888
51027,18572,1907,.10268146
51029,13797,1455,.10545771
51031,43973,9137,.20778659
51033,22997,4009,.17432709
51035,23925,3218,.13450366
51036,5891,712,.12086233
51037,9525,1020,.10708661
51041,254189,89091,.35049117
51043,11327,3343,.29513553
51045,4155,761,.18315282
51047,37227,8038,.21591856
51049,7791,1217,.15620588
51051,12109,1098,.09067636
51053,22169,3341,.15070593
51057,8736,1599,.18303572
51059,870996,492550,.56550205
51061,52168,17258,.33081582
51063,12425,2241,.18036218
51065,20722,6073,.29307017
51067,45332,8740,.19279979
51069,64195,16525,.25741881
51071,13423,2139,.15935335
51073,29534,6286,.21283944
51075,18006,6575,.36515605
51077,12960,1583,.12214506
51079,14516,3591,.24738219
51081,9676,661,.068313353
51083,27749,4221,.15211359
51085,79809,27716,.34727913
51087,248538,97877,.39381102
51089,41720,5008,.12003835
51091,1929,468,.24261275
51093,28477,7190,.25248447
51095,58093,25992,.44742051
51097,5703,1002,.175697
51099,18970,5996,.31607801
51101,12526,2229,.17794986
51103,9173,2795,.30469859
51105,19822,2144,.10816265
51107,265795,148202,.55758011
51109,27596,5965,.21615452
51111,10040,972,.096812747
51113,10354,2662,.2570987
51115,7468,1973,.26419389
51117,25084,4214,.16799554
51119,9044,1854,.20499779
51121,82331,29207,.35475093
51125,12068,3481,.28844878
51127,16273,4152,.25514656
51131,9610,2096,.21810614
51133,10371,2583,.24905989
51135,12445,1510,.12133387
51137,27510,6565,.23864049
51139,18862,2393,.12686884
51141,14726,1991,.13520305
51143,49716,6674,.1342425
51145,22985,5924,.25773332
51147,19142,3521,.18394107
51149,29602,6167,.20833051
51153,325891,118531,.36371362
51155,28114,4927,.17525077
51157,6021,1881,.31240657
51159,7385,935,.12660798
51161,74163,24103,.32500035
51163,18454,4426,.2398396
51165,60977,13851,.22715122
51167,22292,2880,.12919433
51169,18111,2351,.12981062
51171,33733,6095,.1806836
51173,25102,3376,.13449128
51175,14560,2607,.1790522
51177,97002,27224,.28065401
51179,103613,36614,.35337263
51181,5452,1005,.18433602
51183,9835,1053,.1070666
51185,34409,4865,.14138743
51187,30226,5907,.19542778
51191,44181,9690,.21932505
51193,14260,2844,.19943899
51195,31581,4109,.13010988
51197,23148,4107,.17742354
51199,50965,20457,.40139312
51510,126772,75040,.59192884
51520,13545,2895,.213732
51530,5159,782,.15157977
51540,39224,16511,.42094126
51550,177857,51535,.28975525
51570,13588,3061,.2252723
51580,4557,668,.14658767
51590,32682,5695,.17425494
51595,4082,577,.14135228
51600,18447,9730,.52745706
51610,10401,7622,.73281413
51620,6319,1462,.23136573
51630,22285,7768,.34857526
51640,5415,568,.10489381
51650,107011,24226,.22638795
51660,44445,10605,.23860952
51670,16627,2390,.1437421
51678,6575,1314,.19984791
51680,63907,17212,.26932886
51683,30304,8374,.27633315
51685,11849,3440,.29031986
51690,10157,1964,.19336419
51700,138582,30591,.22074296
51710,196525,44038,.22408345
51720,3154,532,.16867469
51730,25401,4242,.16700129
51735,9324,3589,.38492063
51740,73046,14519,.19876516
51750,15474,3456,.22334237
51760,181106,60712,.3352291
51770,77508,16691,.21534552
51775,20552,5027,.24459906
51790,19728,6188,.31366587
51800,66163,16588,.25071415
51810,348265,109956,.31572509
51820,16590,3419,.20608801
51830,13181,4696,.3562704
51840,21249,6012,.28293097
53001,12508,1479,.11824432
53003,17629,3472,.19694822
53005,139465,37711,.2703976
53007,56954,13761,.24161604
53009,60514,14126,.23343359
53011,343397,91525,.26652825
53013,3253,813,.24992315
53015,79784,11837,.14836308
53017,29873,4912,.16442941
53019,6182,987,.15965708
53021,59562,8538,.14334643
53023,1716,377,.21969697
53025,65383,9726,.14875427
53027,56513,7982,.14124183
53029,65269,19107,.29274234
53031,26522,10113,.38130608
53033,1679051,792476,.47197852
53035,204826,58306,.28466111
53037,36000,10275,.28541666
53039,16925,4011,.23698671
53041,59383,8399,.14143778
53043,8125,1736,.21366154
53045,49596,8241,.1661626
53047,31753,5418,.17062955
53049,17338,2797,.16132195
53051,10469,1967,.18788806
53053,643621,152462,.23688164
53055,13978,6381,.45650306
53057,94530,22018,.23292077
53059,9211,1962,.21300618
53061,594228,172551,.29037845
53063,380891,101405,.26623103
53065,34167,5971,.17475927
53067,210669,66339,.31489682
53069,3403,548,.16103438
53071,46970,11807,.25137323
53073,170314,49990,.2935167
53075,40577,12884,.31751978
53077,174042,24756,.14224152
54001,13416,1986,.1480322
54003,84846,16579,.19540107
54005,18113,1376,.075967535
54007,11444,1707,.14916113
54009,18896,3395,.17966765
54011,76955,18080,.2349425
54013,6007,594,.098884635
54015,6871,604,.08790569
54017,7087,982,.13856357
54019,35275,4880,.13834161
54021,7027,962,.13690053
54023,9417,1284,.13634916
54025,28538,5611,.19661504
54027,18711,2227,.11902089
54029,24043,4155,.17281537
54031,11035,1481,.13420933
54033,53674,11475,.21379066
54035,22739,3474,.15277717
54037,42981,12030,.2798911
54039,149561,35120,.23482057
54041,12951,1666,.12863871
54043,16457,1385,.084158719
54045,27306,2198,.080495127
54047,15723,718,.045665585
54049,45196,8981,.19871227
54051,25473,4102,.16103326
54053,21337,2184,.10235741
54055,48403,8951,.18492655
54057,21787,2633,.12085188
54059,19549,1662,.085017137
54061,86845,28236,.32513097
54063,10824,1443,.13331486
54065,14185,2442,.17215368
54067,20359,2777,.13640159
54069,34702,9623,.2773039
54071,5864,753,.12841064
54073,6066,776,.12792614
54075,7084,1189,.16784303
54077,27228,3842,.14110474
54079,43735,10158,.23226249
54081,60939,10527,.17274652
54083,23553,3883,.16486223
54085,7995,678,.084803
54087,11242,1266,.11261342
54089,10950,1513,.13817352
54091,13513,2327,.17220454
54093,5782,782,.13524732
54095,7171,952,.13275693
54097,19567,3146,.16078091
54099,32325,3896,.12052591
54101,6880,667,.096947677
54103,12567,1433,.1140288
54105,4503,340,.075505219
54107,67824,13449,.19829264
54109,17453,1533,.0878359
55001,17111,2056,.12015662
55003,12233,2411,.19708984
55005,35516,6412,.18053836
55007,12349,3581,.289983
55009,195461,53182,.27208498
55011,10453,1771,.16942504
55013,12480,2255,.1806891
55015,37289,10049,.26948968
55017,49084,9238,.18820797
55019,24371,2588,.10619178
55021,44208,9426,.21321933
55023,12881,2034,.15790699
55025,413209,187836,.45457867
55027,69701,10576,.15173383
55029,22964,7181,.31270686
55031,34654,7618,.21983032
55033,35389,7883,.22275284
55035,81442,20819,.25562978
55037,3646,555,.15222162
55039,79739,16785,.21049926
55041,7196,978,.13590884
55043,41146,7233,.17578866
55045,28463,6287,.22088325
55047,14476,2534,.17504835
55049,18063,4166,.23063721
55051,4923,893,.18139346
55053,16018,2073,.12941691
55055,65968,14469,.21933362
55057,21085,2740,.1299502
55059,127772,29254,.2289547
55061,15892,2764,.17392398
55063,93806,26341,.28080294
55065,12594,2092,.16611084
55067,15445,2510,.16251214
55069,22550,3687,.16350332
55071,62891,11771,.1871651
55073,103781,23856,.22986867
55075,32804,4564,.13912937
55077,12184,1588,.13033487
55078,3044,407,.13370565
55079,724283,198921,.27464542
55081,33744,6076,.18006164
55083,29854,4793,.160548
55085,29292,7604,.25959307
55087,139252,36367,.26115963
55089,68649,30130,.43889934
55091,5707,1023,.17925355
55093,32519,7596,.23358652
55095,33913,6327,.18656562
55097,56515,14955,.26462001
55099,11222,1814,.16164677
55101,148890,33454,.22468936
55103,13729,2389,.17401122
55105,122950,24087,.1959089
55107,11243,1540,.13697411
55109,64620,20572,.31835344
55111,48754,10693,.21932559
55113,13115,2700,.20587113
55115,32183,4740,.14728272
55117,88928,19745,.22203356
55119,15463,2098,.13567872
55121,22254,4123,.18527007
55123,22475,4506,.20048943
55125,17869,4610,.25798869
55127,80563,19978,.24797983
55129,12613,2623,.20796004
55131,103436,29039,.28074366
55133,308790,124344,.40268144
55135,40812,7069,.17320886
55137,19640,2812,.1431772
55139,134257,32808,.24436715
55141,57452,11479,.19980158
56001,31730,11570,.36463913
56003,8866,1544,.17414843
56005,34617,5794,.16737442
56007,11992,2289,.19087726
56009,10599,1771,.16709124
56011,5571,1076,.19314305
56013,30141,6460,.21432599
56015,10699,2332,.21796429
56017,3777,777,.20571883
56019,6671,1624,.24344176
56021,74451,19458,.26135311
56023,13636,2628,.19272514
56025,61502,12759,.20745666
56027,1999,338,.16908455
56029,23191,6792,.29287222
56031,6892,1423,.20647126
56033,23407,6683,.28551289
56035,7587,1821,.24001582
56037,32571,6426,.19729207
56039,18488,9564,.51730853
56041,14614,2264,.15491994
56043,6223,1199,.19267234
56045,5618,1044,.18583126
